-- phpMyAdmin SQL Dump
-- version 4.2.11
-- http://www.phpmyadmin.net
--
-- Host: localhost
-- Generation Time: Nov 04, 2015 at 10:35 AM
-- Server version: 5.6.21
-- PHP Version: 5.6.3

SET SQL_MODE = "NO_AUTO_VALUE_ON_ZERO";
SET time_zone = "+00:00";


/*!40101 SET @OLD_CHARACTER_SET_CLIENT=@@CHARACTER_SET_CLIENT */;
/*!40101 SET @OLD_CHARACTER_SET_RESULTS=@@CHARACTER_SET_RESULTS */;
/*!40101 SET @OLD_COLLATION_CONNECTION=@@COLLATION_CONNECTION */;
/*!40101 SET NAMES utf8 */;

--
-- Database: `family`
--

-- --------------------------------------------------------

--
-- Table structure for table `income`
--

CREATE TABLE IF NOT EXISTS `income` (
`id` int(10) NOT NULL,
  `type` int(10) NOT NULL,
  `project_id` int(10) NOT NULL,
  `client_id` int(10) DEFAULT NULL,
  `number` float(10,2) NOT NULL,
  `card` int(10) NOT NULL,
  `income_date` date DEFAULT NULL,
  `invoice` int(10) NOT NULL,
  `invoice_code` varchar(255) DEFAULT NULL,
  `comment` text
) ENGINE=InnoDB AUTO_INCREMENT=976 DEFAULT CHARSET=utf8;

--
-- Dumping data for table `income`
--

INSERT INTO `income` (`id`, `type`, `project_id`, `client_id`, `number`, `card`, `income_date`, `invoice`, `invoice_code`, `comment`) VALUES
(1, 1, 7, 5392, 80000.00, 1, '2015-05-15', 1, '', ''),
(2, 1, 8, 533, 33060.00, 1, '2015-05-05', 1, '', ''),
(3, 1, 9, 4395, 30000.00, 1, '2015-05-08', 1, '', ''),
(4, 1, 5, 4658, 1203.00, 1, '2015-04-14', 2, '', ''),
(5, 1, 5, 1943, 5280.00, 1, '2015-04-13', 1, '', ''),
(6, 1, 5, 530, 1280.00, 2, NULL, 1, '', ''),
(7, 1, 5, 24, 1280.00, 2, NULL, 1, '', ''),
(8, 1, 5, 5812, 1760.00, 1, '2015-04-16', 2, '', NULL),
(9, 1, 5, 5759, 4000.00, 1, '2015-04-16', 2, '', NULL),
(10, 1, 5, 1558, 1280.00, 1, '2015-04-29', 1, '', ''),
(11, 1, 5, 682, 880.00, 1, '2015-05-12', 1, '', ''),
(12, 1, 5, 174, 880.00, 2, NULL, 2, '', '属于赠送'),
(13, 1, 5, 4113, 2640.00, 2, NULL, 1, '', ''),
(14, 1, 5, 4813, 1760.00, 1, '2015-04-16', 1, '', NULL),
(15, 1, 5, 5764, 1760.00, 1, '2015-04-16', 1, '', NULL),
(16, 1, 5, 1041, 2640.00, 1, '2015-04-13', 2, '', NULL),
(17, 1, 5, 1549, 2640.00, 2, NULL, 1, '', ''),
(18, 1, 5, 5547, 1280.00, 1, '2015-04-15', 1, '', NULL),
(19, 1, 5, 5758, 880.00, 1, '2015-04-13', 2, '', ''),
(20, 1, 24, 6195, 300.00, 1, '2015-04-27', 2, '', ''),
(21, 1, 24, 535, 300.00, 1, '2015-04-27', 2, '', ''),
(22, 1, 24, 5503, 300.00, 1, '2015-04-30', 1, '', ''),
(23, 1, 24, 5503, 300.00, 1, '2015-05-08', 1, '', ''),
(27, 1, 24, 6408, 900.00, 1, '2015-04-30', 1, '', ''),
(28, 1, 24, 972, 300.00, 1, '2015-05-04', 2, '', ''),
(29, 1, 24, 900, 300.00, 2, NULL, 1, '', ''),
(30, 1, 24, NULL, 300.00, 1, '2015-05-11', 2, '', ''),
(31, 1, 24, 1077, 300.00, 1, '2015-05-11', 1, '', ''),
(32, 1, 24, 5301, 300.00, 1, '2015-04-28', 2, '', ''),
(33, 1, 24, 4826, 300.00, 1, '2015-05-07', 1, '', ''),
(34, 1, 24, 751, 300.00, 1, '2015-05-06', 2, '', ''),
(35, 1, 24, 523, 300.00, 1, '2015-05-11', 2, '', ''),
(36, 1, 24, 4406, 300.00, 1, '2015-05-11', 2, '', ''),
(37, 1, 24, 690, 600.00, 1, '2015-05-07', 2, '', ''),
(38, 1, 24, 898, 300.00, 1, '2015-04-30', 2, '', ''),
(39, 1, 24, 6201, 2000.00, 1, '2015-06-02', 1, '', '赞助款'),
(40, 1, 29, 1956, 2980.00, 1, '2015-05-21', 1, '', ''),
(41, 1, 29, 704, 2980.00, 1, '2015-05-20', 1, '', ''),
(42, 1, 29, 12, 2980.00, 1, '2015-05-25', 1, '', ''),
(43, 1, 29, 525, 2980.00, 2, NULL, 1, '', ''),
(44, 1, 29, 4709, 5960.00, 1, '2015-06-09', 1, '', ''),
(45, 1, 29, 579, 2980.00, 2, NULL, 1, '', ''),
(46, 1, 29, 574, 5960.00, 1, '2015-06-10', 2, '', '北京维动力'),
(47, 1, 29, 6384, 2980.00, 1, '2015-05-23', 1, '', ''),
(48, 1, 29, 980, 2980.00, 1, '2015-05-24', 2, '', ''),
(49, 1, 29, 577, 2980.00, 2, NULL, 1, '', ''),
(50, 1, 29, 80, 2980.00, 1, NULL, 1, '', ''),
(51, 1, 29, 24, 2980.00, 2, NULL, 1, '', ''),
(52, 1, 29, 696, 2980.00, 1, '2015-05-15', 2, '', ''),
(53, 1, 29, 39, 2980.00, 2, NULL, 1, '', ''),
(54, 1, 25, 570, 600.00, 1, '2015-05-27', 1, '', ''),
(55, 1, 25, 6402, 300.00, 1, '2015-05-13', 2, '', ''),
(56, 1, 25, 537, 300.00, 1, '2015-05-27', 2, '', ''),
(57, 1, 25, 4721, 300.00, 1, '2015-05-11', 2, '', ''),
(58, 1, 25, 5979, 300.00, 1, '2015-05-07', 2, '', ''),
(59, 1, 25, 934, 300.00, 1, '2015-05-12', 2, '', ''),
(60, 1, 25, NULL, 300.00, 1, '2015-05-12', 2, '', '宁波杰铭，未在系统中找到此客户'),
(61, 1, 25, 178, 900.00, 1, '2015-05-13', 2, '', ''),
(62, 1, 25, NULL, 300.00, 1, '2015-05-13', 1, '', '浙江人力资源协会，无此客户'),
(63, 1, 25, NULL, 300.00, 1, '2015-05-27', 1, '', '镇海领跑网络，系统无此客户'),
(64, 1, 26, 714, 200.00, 1, '2015-05-27', 2, '', ''),
(65, 1, 26, 20, 150.00, 1, '2015-05-08', 2, '', ''),
(66, 1, 26, 20, 150.00, 1, '2015-05-11', 2, '', ''),
(67, 1, 26, 5683, 800.00, 1, '2015-05-11', 2, '', ''),
(68, 1, 26, 398, 300.00, 1, '2015-05-27', 2, '', ''),
(69, 1, 26, 548, 600.00, 1, '2015-05-27', 1, '', ''),
(70, 1, 26, 6402, 200.00, 1, '2015-05-13', 2, '', ''),
(71, 1, 26, 4721, 750.00, 1, '2015-05-11', 2, '', ''),
(72, 1, 26, 6453, 795.00, 1, '2015-05-11', 2, '', ''),
(73, 1, 26, 934, 150.00, 1, '2015-05-12', 2, '', ''),
(74, 1, 26, 5979, 200.00, 1, '2015-05-07', 1, '', ''),
(75, 1, 26, 1177, 450.00, 1, '2015-05-27', 1, '', ''),
(76, 1, 26, 4117, 450.00, 1, '2015-05-16', 1, '', ''),
(77, 1, 26, 5, 600.00, 1, '2015-05-15', 2, '', ''),
(78, 1, 26, 1449, 200.00, 1, '2015-05-15', 2, '', ''),
(79, 1, 26, 178, 600.00, 1, '2015-05-13', 2, '', ''),
(80, 1, 26, 178, 400.00, 1, '2015-05-14', 2, '', ''),
(81, 1, 26, 13, 400.00, 1, '2015-05-27', 2, '', ''),
(82, 1, 26, 570, 450.00, 1, '2015-05-27', 2, '', ''),
(83, 1, 27, 5385, 1000.00, 1, '2015-05-20', 1, '', ''),
(84, 1, 27, 553, 1000.00, 1, '2015-05-22', 1, '', ''),
(85, 1, 27, 4760, 1000.00, 1, '2015-05-22', 1, '', ''),
(86, 1, 27, 38, 1000.00, 1, '2015-05-19', 1, '', ''),
(87, 1, 27, 1040, 1000.00, 1, '2015-09-21', 1, '', ''),
(88, 1, 27, 4584, 1000.00, 1, '2015-06-12', 1, '', ''),
(89, 1, 27, 2, 1000.00, 1, '2015-06-16', 1, '', ''),
(90, 1, 27, 4826, 1000.00, 1, '2015-06-10', 1, '', ''),
(91, 1, 27, 717, 1000.00, 1, '2015-06-09', 1, '', ''),
(92, 1, 27, 1461, 1000.00, 1, '2015-06-10', 1, '', ''),
(93, 1, 27, 1943, 1000.00, 1, '2015-05-15', 1, '', ''),
(94, 1, 27, 4117, 1000.00, 1, '2015-06-12', 1, '', ''),
(96, 1, 27, 5989, 1000.00, 1, '2015-05-23', 1, '', ''),
(97, 1, 27, 4191, 1000.00, 1, '2015-05-07', 1, '', ''),
(98, 1, 27, 839, 200.00, 1, '2015-05-23', 2, '', ''),
(99, 1, 27, 5192, 200.00, 1, '2015-05-23', 2, '', ''),
(100, 1, 27, 4477, 200.00, 1, '2015-05-21', 2, '', ''),
(101, 1, 27, 6154, 200.00, 1, '2015-05-21', 2, '', ''),
(102, 1, 27, 585, 300.00, 1, '2015-05-21', 2, '', ''),
(103, 1, 27, NULL, 300.00, 1, '2015-05-20', 2, '', '上海泱林，没有找到这个客户'),
(104, 1, 27, NULL, 300.00, 1, '2015-05-20', 2, '', '上海荷璞，没有找到这个客户'),
(105, 1, 27, NULL, 200.00, 1, '2015-05-20', 2, '', '北京星光拓诚，没有找到这个客户'),
(106, 1, 27, 6182, 200.00, 1, '2015-05-19', 2, '', ''),
(107, 1, 27, 6195, 200.00, 1, '2015-05-19', 2, '', ''),
(108, 1, 27, 4209, 300.00, 1, '2015-05-19', 2, '', ''),
(109, 1, 27, 4709, 200.00, 1, '2015-05-18', 2, '', ''),
(110, 1, 27, 525, 200.00, 2, NULL, 2, '', ''),
(111, 1, 27, 4709, 200.00, 1, '2015-05-14', 2, '', ''),
(112, 1, 27, 6466, 300.00, 1, '2015-05-27', 2, '', '不是 杭州人才市场'),
(113, 1, 27, 6201, 16000.00, 1, '2015-06-02', 1, '', ''),
(114, 1, 24, 6384, 300.00, 1, '2015-05-01', 2, '', ''),
(115, 1, 6, 533, 3160.00, 1, '2015-05-05', 1, '', ''),
(116, 1, 6, 37, 4740.00, 2, NULL, 1, '', ''),
(117, 1, 6, 5562, 6000.00, 1, '2015-04-24', 1, '', ''),
(118, 1, 6, 6391, 1580.00, 1, '2015-04-29', 1, '', ''),
(119, 1, 6, 5768, 3160.00, 1, '2015-04-15', 1, '', ''),
(120, 1, 6, 530, 1580.00, 2, NULL, 1, '', ''),
(121, 1, 6, 696, 1580.00, 1, '2015-04-17', 1, '', ''),
(122, 1, 6, 6451, 1580.00, 1, '2015-04-23', 1, '', ''),
(123, 1, 6, 4658, 1485.00, 1, '2015-04-22', 2, '', ''),
(124, 1, 6, 4813, 3160.00, 1, '2015-04-27', 2, '', ''),
(125, 1, 6, 1046, 3160.00, 1, '2015-04-23', 1, '', ''),
(126, 1, 6, 2, 3160.00, 1, '2015-05-19', 1, '', ''),
(127, 1, 6, 2, 1580.00, 1, '2015-05-26', 1, '', ''),
(128, 1, 6, 6384, 3160.00, 1, '2015-04-22', 1, '', ''),
(129, 1, 6, 5010, 1580.00, 1, '2015-04-22', 1, '', ''),
(130, 1, 6, 6383, 1580.00, 1, '2015-04-30', 1, '', ''),
(131, 1, 6, 77, 1580.00, 1, '2015-05-25', 1, '', ''),
(132, 1, 6, 4843, 1580.00, 1, '2015-04-24', 1, '', ''),
(133, 1, 12, 5385, 300.00, 1, '2015-04-29', 2, '', ''),
(134, 1, 12, NULL, 300.00, 1, '2015-04-29', 1, '', '致正明远，没有找到这个客户'),
(135, 1, 12, 912, 300.00, 1, '2015-05-06', 2, '', ''),
(136, 1, 12, 1041, 300.00, 1, '2015-04-13', 2, '', ''),
(137, 1, 12, 555, 600.00, 1, '2015-04-14', 2, '', ''),
(138, 1, 12, 945, 300.00, 1, '2015-04-09', 1, '', ''),
(139, 1, 12, 179, 300.00, 1, '2015-04-09', 2, '', ''),
(140, 1, 12, 236, 300.00, 1, '2015-05-11', 2, '', ''),
(141, 1, 12, 5635, 300.00, 1, '2015-04-02', 2, '', ''),
(142, 1, 12, 1071, 300.00, 1, '2015-04-29', 2, '', ''),
(143, 1, 12, 4813, 300.00, 1, '2015-04-15', 2, '', ''),
(144, 1, 12, 4113, 300.00, 2, NULL, 1, '', ''),
(145, 1, 12, 5466, 600.00, 1, '2015-04-29', 2, '', ''),
(146, 1, 12, 682, 300.00, 1, '2015-05-12', 1, '', ''),
(148, 1, 12, 5766, 300.00, 1, '2015-04-29', 1, '', ''),
(149, 1, 13, 945, 1350.00, 1, '2015-04-01', 1, '', ''),
(150, 1, 13, 945, 200.00, 1, '2015-04-17', 1, '', ''),
(151, 1, 13, 2229, 200.00, 1, '2015-04-29', 1, '', ''),
(152, 1, 13, 236, 954.00, 1, '2015-04-02', 1, '', ''),
(153, 1, 13, 6233, 200.00, 1, '2015-04-17', 1, '', ''),
(154, 1, 13, 4658, 200.00, 1, '2015-04-03', 2, '', ''),
(155, 1, 13, 703, 1000.00, 1, '2015-04-13', 2, '', ''),
(156, 1, 13, 5812, 200.00, 1, '2015-04-17', 1, '', ''),
(157, 1, 13, 64, 200.00, 1, '2015-04-24', 2, '', ''),
(158, 1, 13, 3997, 200.00, 1, '2015-04-17', 2, '', ''),
(159, 1, 13, 174, 1000.00, 1, '2015-04-10', 2, '', ''),
(160, 1, 13, 179, 200.00, 1, '2015-04-29', 2, '', ''),
(161, 1, 13, 1118, 400.00, 2, NULL, 1, '', ''),
(162, 1, 13, 5736, 1000.00, 1, '2015-04-16', 2, '', ''),
(163, 1, 13, 6154, 200.00, 1, '2015-04-09', 2, '', ''),
(164, 1, 13, 6154, 200.00, 1, '2015-04-13', 2, '', ''),
(165, 1, 13, 1549, 1600.00, 2, NULL, 2, '', ''),
(166, 1, 13, 4117, 200.00, 1, '2015-04-18', 1, '', ''),
(167, 1, 13, 1041, 600.00, 1, '2015-04-13', 2, '', ''),
(168, 1, 13, 4113, 600.00, 2, NULL, 1, '', ''),
(169, 1, 13, 5766, 400.00, 1, '2015-04-21', 1, '', ''),
(170, 1, 13, 6174, 200.00, 1, '2015-04-18', 2, '', ''),
(171, 1, 13, 6427, 200.00, 1, '2015-04-15', 1, '', ''),
(172, 1, 13, 4169, 200.00, 1, '2015-04-17', 2, '', ''),
(173, 1, 13, 5825, 200.00, 1, '2015-04-17', 2, '', ''),
(174, 1, 13, 574, 1000.00, 1, '2015-04-17', 2, '', ''),
(175, 1, 13, 1943, 200.00, 1, '2015-04-17', 2, '', ''),
(176, 1, 13, 6429, 200.00, 1, '2015-04-17', 1, '', ''),
(177, 1, 13, 912, 200.00, 1, '2015-04-29', 2, '', ''),
(178, 1, 13, 1943, 200.00, 1, '2015-04-03', 2, '', ''),
(179, 1, 13, 1558, 200.00, 1, '2015-04-29', 2, '', ''),
(180, 1, 13, 845, 200.00, 1, '2015-04-29', 2, '', ''),
(181, 1, 13, 6392, 400.00, 1, '2015-05-13', 1, '', ''),
(182, 1, 13, 5971, 200.00, 1, '2015-04-27', 2, '', ''),
(183, 1, 13, 5764, 400.00, 1, '2015-04-16', 2, '', ''),
(184, 1, 13, 24, 200.00, 2, NULL, 1, '', ''),
(185, 1, 13, 2772, 436.00, 1, '2015-04-24', 1, '', ''),
(186, 1, 13, 6425, 200.00, 1, '2015-04-24', 1, '', ''),
(187, 1, 10, 6316, 300.00, 1, '2015-04-20', 2, '', ''),
(188, 1, 10, 1461, 300.00, 1, '2015-04-22', 2, '', ''),
(189, 1, 10, 536, 300.00, 1, '2015-04-21', 2, '', ''),
(190, 1, 10, 4394, 300.00, 1, '2015-04-22', 2, '', ''),
(191, 1, 10, 3763, 300.00, 1, '2015-04-21', 2, '', ''),
(192, 1, 10, 1001, 300.00, 1, '2015-04-22', 2, '', ''),
(193, 1, 10, 6390, 600.00, 1, '2015-04-23', 2, '', ''),
(194, 1, 10, 39, 300.00, 2, NULL, 1, '', ''),
(195, 1, 10, 4406, 300.00, 1, '2015-04-22', 2, '', ''),
(196, 1, 10, 577, 600.00, 2, NULL, 1, '', ''),
(197, 1, 10, 570, 300.00, 1, '2015-04-29', 2, '', ''),
(198, 1, 10, 544, 300.00, 1, '2015-04-29', 2, '', ''),
(199, 1, 11, 4763, 932.00, 1, '2015-05-07', 1, '', ''),
(200, 1, 11, 4570, 932.00, 1, '2015-05-07', 1, '', ''),
(201, 1, 11, 60, 880.00, 1, '2015-05-08', 2, '', ''),
(202, 1, 11, 4830, 880.00, 1, '2015-05-11', 2, '', ''),
(203, 1, 11, 6377, 1600.00, 1, '2015-05-12', 2, '', '代售书分成'),
(204, 1, 5, 945, 880.00, 1, '2015-04-16', 1, '', ''),
(205, 1, 5, 945, 880.00, 1, '2015-04-17', 1, '', ''),
(206, 1, 5, 5971, 880.00, 1, '2015-04-27', 2, '', ''),
(207, 1, 5, 5766, 1280.00, 1, '2015-04-21', 1, '', ''),
(208, 1, 5, 6381, 880.00, 1, '2015-04-23', 2, '', ''),
(209, 1, 5, 6392, 3520.00, 1, '2015-05-13', 1, '', ''),
(210, 1, 11, 4422, 932.00, 1, '2015-05-13', 1, '', ''),
(211, 2, 44, NULL, 0.46, 1, '2015-05-13', 2, '', '财务通利息'),
(212, 1, 11, 1943, 3000.00, 1, '2015-05-15', 1, '', '名录赞助的尾款'),
(213, 2, 44, NULL, 5000.00, 1, '2015-05-16', 2, '', '转账：5月17日招行转出，5月16日支付宝到账（以第三方账号为中介）'),
(214, 1, 6, NULL, 2000.00, 1, '2015-05-20', 2, '', 'Qing退费（因重复支付，后转报销给斯佳）'),
(215, 1, 11, 682, 880.00, 1, '2015-05-12', 2, '', ''),
(217, 1, 27, 5385, 4000.00, 1, '2015-05-20', 2, '', '颁奖赞助款，后因为怕影响颁奖结果，退款给客户'),
(218, 1, 11, 2, 20000.00, 1, '2015-05-20', 1, '', '赞助款'),
(219, 1, 27, 83, 600.00, 1, '2015-05-20', 2, '', '后来在5月22日进行了退款'),
(220, 2, 44, NULL, 1000.00, 1, '2015-05-27', 2, '', '收到备用金1000'),
(221, 1, 44, NULL, 53.58, 1, '2015-05-24', 2, '', '2015.03.12一笔支付宝交易的退款\r\n'),
(223, 1, 11, NULL, 400.00, 1, '2015-05-27', 2, '', '4月23日 颁奖活动现场销售名录，4本一共400元'),
(224, 1, 27, 5706, 1000.00, 1, '2015-05-27', 1, '', 'MRI 参与评奖的费用'),
(225, 1, 27, NULL, 852.00, 1, '2015-05-28', 2, '', '因错误报销，Caroline的退款'),
(226, 1, 11, 1124, 800.00, 1, '2015-05-28', 2, '', '应该是880，少打了80'),
(227, 2, 44, NULL, 10000.00, 1, '2015-05-29', 2, '', '上海嘉定国库-退税'),
(229, 1, 25, 6201, 2000.00, 1, '2015-06-02', 1, '', '赞助款'),
(230, 1, 11, 6250, 5000.00, 1, '2015-05-06', 1, '', '广告费'),
(231, 1, 49, 4857, 300.00, 1, '2015-03-18', 2, '', ''),
(232, 1, 49, 80, 300.00, 2, NULL, 1, '', ''),
(233, 1, 49, 55, 300.00, 1, '2015-03-20', 2, '', ''),
(234, 1, 49, 1284, 300.00, 1, '2015-03-20', 2, '', ''),
(235, 1, 49, 105, 300.00, 1, '2015-03-20', 2, '', ''),
(236, 1, 49, 3869, 300.00, 1, '2015-03-19', 2, '', ''),
(237, 1, 49, 4721, 300.00, 1, '2015-03-19', 2, '', ''),
(238, 1, 49, 4956, 300.00, 1, '2015-03-19', 2, '', ''),
(239, 1, 49, 4966, 300.00, 1, '2015-03-19', 2, '', ''),
(240, 1, 49, 37, 300.00, 1, '2015-03-19', 2, '', ''),
(241, 1, 49, 5835, 600.00, 1, '2015-03-18', 2, '', ''),
(242, 1, 49, 4395, 300.00, 1, '2015-03-18', 2, '', ''),
(243, 1, 49, 542, 300.00, 1, '2015-03-17', 2, '', ''),
(244, 1, 49, 3763, 600.00, 1, '2015-03-17', 2, '', ''),
(245, 1, 49, 545, 300.00, 1, '2015-03-17', 2, '', ''),
(246, 1, 49, 67, 300.00, 1, '2015-03-16', 2, '', ''),
(247, 1, 49, 4412, 300.00, 1, '2015-03-13', 2, '', ''),
(249, 1, 49, 37, 300.00, 1, '2015-03-20', 2, '', ''),
(250, 1, 51, 1893, 15000.00, 1, '2015-03-20', 1, '', ''),
(251, 1, 52, 4897, 6000.00, 1, '2015-03-30', 1, '', ''),
(252, 1, 52, 4395, 6000.00, 1, '2015-03-30', 1, '', ''),
(253, 1, 52, 686, 6000.00, 1, '2015-03-24', 1, '', ''),
(254, 1, 52, 6154, 5500.00, 1, '2015-03-24', 2, '', ''),
(255, 1, 52, 4658, 5640.00, 1, '2015-03-11', 2, '', ''),
(256, 1, 52, 2076, 6000.00, 1, '2015-03-10', 1, '', ''),
(257, 1, 52, 80, 6000.00, 1, '2015-03-31', 1, '', ''),
(258, 1, 52, 5766, 6000.00, 1, '2015-03-26', 1, '', ''),
(259, 1, 52, 4172, 6000.00, 2, NULL, 1, '', ''),
(260, 1, 52, 10, 6000.00, 1, '2015-04-24', 1, '', ''),
(261, 1, 52, 579, 6000.00, 2, NULL, 1, '', ''),
(262, 1, 53, 5405, 150.00, 1, '2015-03-27', 1, '', ''),
(263, 1, 53, 4857, 150.00, 1, '2015-03-27', 2, '', ''),
(264, 1, 53, 105, 300.00, 1, '2015-03-27', 2, '', ''),
(265, 1, 53, 561, 200.00, 1, '2015-03-27', 2, '', ''),
(266, 1, 53, 5740, 150.00, 1, '2015-03-27', 2, '', '李浩'),
(267, 1, 53, 4524, 200.00, 1, '2015-03-27', 2, '', ''),
(268, 1, 53, 2215, 200.00, 1, '2015-03-27', 2, '', ''),
(269, 1, 53, 5740, 150.00, 1, '2015-03-25', 2, '', '林夕'),
(270, 1, 53, 6451, 150.00, 1, '2015-03-25', 2, '', ''),
(271, 1, 53, 6195, 300.00, 1, '2015-03-24', 2, '', ''),
(272, 1, 53, 5740, 400.00, 1, '2015-03-24', 2, '', '沈萍'),
(273, 1, 53, 4191, 750.00, 1, '2015-03-24', 2, '', ''),
(274, 1, 53, 535, 300.00, 1, '2015-03-24', 2, '', ''),
(275, 1, 53, 900, 150.00, 1, '2015-03-18', 2, '', ''),
(276, 1, 53, 12, 150.00, 1, '2015-03-18', 2, '', ''),
(277, 1, 53, 5740, 150.00, 1, '2015-03-17', 2, '', 'Zoe'),
(278, 1, 53, 67, 400.00, 1, '2015-03-18', 2, '', ''),
(284, 1, 53, 55, 300.00, 1, '2015-03-27', 2, '', ''),
(285, 1, 53, 579, 200.00, 2, NULL, 1, '', ''),
(286, 1, 53, 561, 200.00, 1, '2015-03-27', 2, '', ''),
(287, 1, 53, 2076, 1200.00, 1, '2015-03-25', 2, '', ''),
(288, 1, 53, 6185, 450.00, 1, '2015-03-25', 2, '', ''),
(289, 1, 53, 5835, 200.00, 1, '2015-03-18', 2, '', ''),
(290, 1, 53, 37, 450.00, 1, '2015-04-01', 2, '', ''),
(291, 1, 53, 925, 300.00, 1, '2015-03-25', 2, '', ''),
(292, 1, 53, 3869, 450.00, 1, '2015-04-09', 2, '', ''),
(296, 1, 53, 6154, 150.00, 1, '2015-03-24', 2, '', ''),
(297, 1, 53, 5766, 200.00, 1, '2015-03-28', 2, '', ''),
(298, 1, 11, 37, 198.00, 1, '2015-04-01', 2, '', ''),
(299, 1, 11, NULL, 594.00, 1, '2015-04-01', 2, '', '微店3本名录'),
(300, 1, 11, NULL, 594.00, 1, '2015-04-02', 2, '', '微店3本名录'),
(301, 1, 11, NULL, 594.00, 1, '2015-04-03', 2, '', '微店3本名录'),
(302, 1, 11, NULL, 100.00, 1, '2015-04-02', 2, '', '猎头赢现场有人购名录1本'),
(303, 1, 11, 9, 932.00, 1, '2015-04-02', 1, '', ''),
(304, 1, 11, NULL, 500.00, 1, '2015-04-02', 2, '', '上海灏程购中国猎头行业名录5本'),
(305, 1, 11, NULL, 198.00, 1, '2015-04-02', 2, '', ''),
(306, 2, 44, NULL, 2427.00, 1, '2015-04-02', 2, '', '才联智通报销，需拆分'),
(307, 2, 44, NULL, 0.01, 1, '2015-04-02', 1, '', '腾讯测试打款'),
(308, 1, 11, 900, 5000.00, 1, '2015-04-03', 1, '', '广告款'),
(309, 1, 11, NULL, 1878.00, 1, '2015-04-04', 1, '', '微店名录8本210（开票），1本198'),
(310, 2, 44, NULL, 425.00, 1, '2015-04-06', 2, '', '猎头赢历史款部分存入余额宝的利息'),
(311, 2, 44, NULL, 18680.00, 1, '2015-04-06', 2, '', ' 猎头赢保存在路红斌账户里的钱'),
(312, 1, 11, 6201, 10000.00, 1, '2015-04-07', 1, '', '广告款'),
(313, 1, 11, NULL, 198.00, 1, '2015-04-08', 2, '', '微店名录1本'),
(314, 1, 11, NULL, 408.00, 1, '2015-04-09', 1, '', '微店名录1本210（开票），1本198'),
(315, 1, 11, NULL, 198.00, 1, '2015-04-11', 2, '', '微店名录1本'),
(316, 1, 11, NULL, 198.00, 1, '2015-04-15', 2, '', '微店名录1本'),
(317, 1, 11, NULL, 198.00, 1, '2015-04-17', 2, '', '微店名录1本'),
(318, 1, 11, NULL, 210.00, 1, '2015-04-18', 1, '', '微店名录1本'),
(319, 1, 11, NULL, 198.00, 1, '2015-04-22', 2, '', '微店名录1本'),
(320, 1, 11, NULL, 198.00, 1, '2015-04-29', 2, '', '微店名录1本'),
(321, 1, 11, NULL, 198.00, 1, '2015-05-25', 2, '', '微店名录1本'),
(322, 1, 11, NULL, 198.00, 1, '2015-05-29', 2, '', '微店名录1本'),
(323, 1, 11, NULL, 396.00, 1, '2015-06-12', 2, '', '微店名录2本'),
(324, 2, 44, NULL, 6804.00, 1, '2015-04-09', 2, '', '以前房东的押金退回'),
(325, 1, 11, 44, 880.00, 1, '2015-04-09', 2, '', ''),
(326, 1, 11, 22, 932.00, 1, '2015-04-10', 1, '', ''),
(327, 1, 11, 1978, 880.00, 1, '2015-04-10', 2, '', ''),
(328, 1, 11, 1363, 932.00, 1, '2015-04-10', 1, '', ''),
(329, 2, 44, NULL, 500.00, 1, '2015-04-10', 1, '', '汇款退票 账号错 胡金栋（猎头赢设计费）'),
(330, 2, 44, NULL, 1369.00, 1, '2015-04-14', 2, '', '4月12日支付1370定北京Airbnb房间的退款'),
(331, 1, 11, 3192, 5000.00, 1, '2015-04-14', 1, '', '广告款'),
(332, 1, 11, 5592, 932.00, 1, '2015-04-14', 1, '', ''),
(333, 1, 11, 5547, 880.00, 1, '2015-04-15', 2, '', ''),
(334, 1, 5, NULL, 430.00, 1, '2015-04-19', 2, '', '团购券没有使用的退款部分'),
(335, 2, 44, NULL, 20000.00, 1, '2015-04-20', 2, '', '银行故障，借款两万，隔日归还'),
(336, 1, 11, 4412, 1760.00, 1, '2015-04-21', 1, '', '名录费用'),
(337, 1, 11, 548, 932.00, 1, '2015-04-22', 1, '', ''),
(338, 2, 44, NULL, 700.00, 1, '2015-04-29', 2, '', '本来是用作北京的住宿1370中的退费部分，支付于4月12日'),
(339, 1, 11, 10, 880.00, 1, '2015-04-24', 2, '', ''),
(340, 2, 44, NULL, 3743.50, 1, '2015-04-28', 2, '', '无须报销，当日的退回款'),
(341, 1, 11, 1558, 198.00, 1, '2015-04-29', 2, '', ''),
(342, 1, 45, 92, 300.00, 1, '2015-06-10', 2, '', ''),
(343, 1, 45, 734, 300.00, 1, '2015-06-25', 2, '', ''),
(344, 1, 45, 4107, 600.00, 1, '2015-06-04', 2, '', ''),
(345, 1, 45, 177, 300.00, 1, '2015-06-10', 2, '', ''),
(346, 1, 45, 177, 300.00, 1, '2015-06-26', 2, '', ''),
(347, 1, 45, 4231, 300.00, 1, '2015-06-26', 2, '', ''),
(348, 1, 45, 5361, 300.00, 1, '2015-06-08', 2, '', ''),
(349, 1, 45, 4571, 300.00, 1, '2015-06-03', 2, '', ''),
(350, 1, 45, 113, 600.00, 1, '2015-06-03', 2, '', ''),
(351, 1, 45, 545, 300.00, 1, '2015-06-04', 2, '', ''),
(352, 1, 45, 4572, 300.00, 1, '2015-06-09', 2, '', ''),
(353, 1, 45, 693, 600.00, 1, '2015-06-10', 2, '', ''),
(354, 1, 45, 4089, 300.00, 1, '2015-06-09', 2, '', ''),
(355, 1, 45, 4207, 300.00, 1, '2015-06-25', 2, '', ''),
(356, 1, 45, 1992, 300.00, 1, '2015-06-10', 2, '', ''),
(357, 1, 45, 5368, 300.00, 1, '2015-06-10', 2, '', ''),
(358, 1, 45, NULL, 300.00, 1, '2015-06-10', 1, '', '猎萌'),
(359, 1, 46, 5080, 500.00, 1, '2015-06-02', 2, '', ''),
(360, 1, 46, 2215, 300.00, 1, '2015-06-11', 2, '', ''),
(361, 1, 46, 5368, 600.00, 1, '2015-06-11', 2, '', ''),
(362, 1, 46, 4207, 900.00, 1, '2015-06-11', 2, '', ''),
(363, 1, 46, 4572, 600.00, 1, '2015-06-11', 2, '', ''),
(364, 1, 46, 4089, 200.00, 1, '2015-06-14', 2, '', ''),
(365, 1, 46, 1923, 1500.00, 1, '2015-06-10', 2, '', ''),
(366, 1, 46, 693, 600.00, 1, '2015-06-10', 2, '', ''),
(368, 1, 46, 545, 200.00, 1, '2015-06-13', 2, '', ''),
(369, 1, 46, 579, 200.00, 1, '2015-06-16', 2, '', ''),
(370, 1, 48, 179, 1080.00, 1, '2015-06-09', 1, '', ''),
(371, 1, 48, 6154, 2640.00, 1, '2015-06-09', 1, '', ''),
(372, 1, 48, 1118, 1760.00, 2, NULL, 1, '', ''),
(373, 1, 48, 1071, 1760.00, 2, NULL, 1, '', ''),
(374, 1, 48, 4113, 2640.00, 2, NULL, 1, '', ''),
(375, 1, 48, 4658, 1203.00, 1, '2015-06-10', 2, '', ''),
(376, 1, 48, 534, 1080.00, 1, '2015-06-13', 1, '', ''),
(377, 1, 48, 4407, 3520.00, 2, NULL, 1, '', ''),
(378, 1, 48, 1947, 1080.00, 1, '2015-07-24', 1, '', ''),
(379, 1, 48, 1549, 836.00, 2, NULL, 1, '', '880*0.95'),
(380, 1, 48, 81, 880.00, 2, NULL, 1, '', ''),
(381, 1, 48, 945, 1760.00, 1, '2015-05-29', 1, '', ''),
(382, 1, 48, 5385, 1080.00, 1, '2015-06-12', 1, '', ''),
(383, 1, 48, 5562, 1760.00, 1, '2015-07-24', 1, '', ''),
(384, 1, 33, 5503, 600.00, 1, '2015-06-19', 2, '', ''),
(385, 1, 33, 4687, 200.00, 1, '2015-06-25', 2, '', ''),
(386, 1, 33, 1046, 800.00, 1, '2015-06-26', 2, '', ''),
(387, 1, 33, 4407, 400.00, 2, NULL, 1, '', ''),
(390, 1, 33, 4172, 200.00, 2, NULL, 1, '', ''),
(391, 1, 33, 565, 1200.00, 2, NULL, 1, '', ''),
(392, 1, 33, 6675, 400.00, 1, '2015-06-25', 2, '', ''),
(393, 1, 33, 751, 200.00, 1, '2015-06-26', 2, '', ''),
(394, 1, 33, 2076, 400.00, 1, '2015-06-25', 2, '', ''),
(395, 1, 33, 578, 600.00, 1, '2015-07-24', 2, '', ''),
(398, 1, 47, 6636, 200.00, 1, '2015-06-12', 2, '', ''),
(399, 1, 47, 6637, 200.00, 1, '2015-06-05', 2, '', ''),
(400, 1, 47, 6641, 400.00, 1, '2015-06-11', 2, '', ''),
(401, 1, 47, 1947, 400.00, 1, '2015-06-10', 2, '', ''),
(402, 1, 47, 5812, 400.00, 1, '2015-06-11', 2, '', '后退了其中的200'),
(403, 1, 47, 6657, 400.00, 1, '2015-06-11', 2, '', ''),
(404, 1, 47, 6659, 200.00, 1, '2015-06-12', 2, '', ''),
(405, 1, 47, 6697, 200.00, 1, '2015-06-11', 2, '', '职信职美 发现是猎头公司，所以后来退款'),
(406, 1, 58, 6452, 1280.00, 1, '2015-06-26', 1, '', '南极圈'),
(407, 1, 58, 37, 1080.00, 2, NULL, 1, '', ''),
(408, 1, 58, 1956, 1280.00, 1, '2015-06-24', 1, '', ''),
(409, 1, 58, 4407, 2160.00, 2, NULL, 1, '', ''),
(410, 1, 58, 950, 1080.00, 1, '2015-06-24', 1, '', ''),
(411, 1, 58, 577, 4320.00, 2, NULL, 1, '', ''),
(412, 1, 58, 534, 1080.00, 1, '2015-06-28', 1, '', ''),
(413, 1, 58, 4172, 1760.00, 2, NULL, 1, '', '按照880一位计算'),
(414, 1, 33, 1144, 200.00, 1, '2015-06-30', 2, '', ''),
(415, 1, 33, 105, 600.00, 1, '2015-06-30', 2, '', ''),
(416, 1, 33, 418, 200.00, 1, '2015-06-24', 2, '', ''),
(417, 1, 33, 67, 200.00, 2, NULL, 2, '', ''),
(418, 1, 33, 546, 600.00, 1, '2015-06-24', 2, '', ''),
(419, 1, 33, 525, 200.00, 2, NULL, 1, '', ''),
(420, 1, 33, 1956, 200.00, 1, '2015-06-24', 2, '', ''),
(421, 1, 33, 4406, 400.00, 1, '2015-06-27', 2, '', ''),
(422, 1, 33, 4395, 400.00, 1, '2015-06-23', 2, '', ''),
(423, 1, 33, 1547, 200.00, 1, '2015-06-30', 2, '', ''),
(424, 1, 33, 4685, 200.00, 1, '2015-06-30', 2, '', ''),
(425, 1, 33, 4857, 200.00, 1, '2015-06-25', 2, '', ''),
(427, 1, 33, 536, 200.00, 1, '2015-06-30', 2, '', ''),
(428, 1, 33, 5835, 200.00, 1, '2015-06-30', 2, '', ''),
(429, 1, 11, 2035, 1000.00, 1, '2015-06-02', 1, '', ''),
(430, 2, 66, 1549, 10000.00, 1, '2015-06-03', 1, '', '扣除380的老年卡欠费，实际可消费额度为：9620元'),
(435, 1, 27, 5020, 1000.00, 1, '2015-06-09', 1, '', ''),
(438, 1, 66, 4231, 200.00, 1, '2015-06-12', 2, '', ''),
(439, 1, 66, 4231, 200.00, 1, '2015-06-13', 2, '', ''),
(441, 2, 66, NULL, 772.00, 1, '2015-06-17', 2, '', '多报销给Ivy的，后退回'),
(442, 2, 66, NULL, 40.81, 1, '2015-06-20', 2, '', '上海银行利息'),
(443, 2, 66, NULL, 18.44, 1, '2015-06-21', 2, '', '招行利息'),
(444, 1, 55, 4412, 300.00, 1, '2015-06-23', 2, '', ''),
(445, 1, 35, 6384, 200.00, 1, '2015-06-24', 2, '', ''),
(446, 1, 55, 6384, 300.00, 1, '2015-06-24', 2, '', ''),
(447, 1, 35, 897, 300.00, 1, '2015-06-25', 2, '', ''),
(448, 2, 66, NULL, 20000.00, 1, '2015-06-26', 2, '', '向Marvin借款'),
(449, 1, 55, 527, 600.00, 1, '2015-06-26', 2, '', ''),
(450, 1, 55, 5835, 600.00, 1, '2015-06-26', 2, '', ''),
(451, 1, 27, 2215, 600.00, 1, '2015-05-15', 2, '', ''),
(452, 1, 27, 6154, 200.00, 1, '2015-05-14', 2, '', '不知道这笔收入的归属，暂时划归颁奖项目'),
(454, 1, 55, 549, 330.00, 1, '2015-07-15', 1, '', ''),
(455, 1, 55, 1907, 300.00, 1, '2015-07-03', 2, '', ''),
(456, 1, 55, 714, 300.00, 1, '2015-07-15', 2, '', ''),
(457, 1, 55, 5800, 300.00, 1, '2015-07-15', 2, '', ''),
(458, 1, 55, 4412, 300.00, 1, '2015-07-15', 2, '', ''),
(459, 1, 55, 121, 300.00, 1, '2015-07-15', 2, '', '现金收入'),
(460, 1, 55, 132, 990.00, 1, '2015-07-03', 1, '', ''),
(462, 1, 55, 900, 600.00, 2, NULL, 1, '', ''),
(463, 1, 55, 55, 300.00, 1, '2015-07-08', 2, '', ''),
(464, 1, 55, 6419, 300.00, 1, '2015-06-30', 2, '', ''),
(465, 1, 55, 573, 300.00, 1, NULL, 2, '', ''),
(466, 1, 61, 1893, 15000.00, 1, '2015-07-10', 1, '', ''),
(467, 1, 35, 573, 200.00, 1, NULL, 1, '', ''),
(468, 1, 35, 55, 200.00, 1, '2015-07-08', 2, '', ''),
(469, 1, 35, 50, 200.00, 1, '2015-07-03', 2, '', ''),
(470, 1, 35, 549, 660.00, 1, '2015-07-16', 1, '', ''),
(471, 1, 35, 4709, 200.00, 1, '2015-07-16', 1, '', ''),
(472, 1, 35, 121, 150.00, 1, '2015-07-16', 2, '', ''),
(473, 1, 35, 5800, 500.00, 1, '2015-07-16', 1, '', ''),
(474, 1, 35, 20, 300.00, 1, '2015-07-02', 2, '', ''),
(475, 1, 35, 4191, 200.00, 1, '2015-07-03', 1, '', ''),
(476, 1, 35, 900, 200.00, 1, '2015-07-03', 2, '', ''),
(477, 1, 35, 132, 165.00, 1, '2015-07-03', 1, '', ''),
(478, 1, 35, 61, 200.00, 1, '2015-07-01', 2, '', ''),
(479, 1, 59, 1041, 300.00, 1, '2015-07-03', 1, '', ''),
(480, 1, 59, 6451, 300.00, 1, '2015-07-08', 2, '', ''),
(481, 1, 59, 64, 300.00, 1, '2015-07-16', 2, '', ''),
(482, 1, 59, 1071, 600.00, 1, '2015-07-16', 2, '', ''),
(483, 1, 59, 163, 300.00, 1, '2015-07-07', 2, '', ''),
(484, 1, 59, 699, 300.00, 1, '2015-07-16', 2, '', ''),
(485, 1, 59, 6154, 300.00, 1, '2015-07-06', 2, '', ''),
(486, 1, 59, 945, 300.00, 1, '2015-07-08', 2, '', ''),
(487, 1, 59, 5635, 900.00, 1, '2015-07-08', 2, '', ''),
(488, 1, 59, 5812, 300.00, 1, '2015-07-10', 2, '', ''),
(489, 1, 59, 980, 300.00, 1, '2015-06-30', 2, '', ''),
(490, 1, 59, 5385, 300.00, 1, '2015-07-16', 2, '', '微信给斯佳'),
(493, 1, 36, 1120, 200.00, 1, '2015-07-17', 2, '', ''),
(494, 1, 59, 179, 300.00, 1, '2015-06-30', 2, '', ''),
(495, 1, 36, 5758, 300.00, 1, '2015-07-10', 2, '', ''),
(496, 1, 36, 1588, 450.00, 1, NULL, 2, '', ''),
(497, 1, 36, 706, 200.00, 1, '2015-07-17', 2, '', ''),
(498, 1, 36, 5305, 200.00, 1, '2015-07-17', 2, '', ''),
(499, 1, 36, 6378, 300.00, 1, '2015-07-03', 2, '', '汉森（系统还未创建）'),
(500, 1, 36, 6378, 200.00, 1, '2015-07-08', 2, '', '优加（Uplus Consulting）尚未创建此客户'),
(502, 1, 36, 6378, 200.00, 1, '2015-07-15', 2, '', '英诺亿舟 系统尚未填写此客户'),
(503, 1, 36, 911, 300.00, 1, '2015-07-17', 1, '', ''),
(504, 1, 36, 2134, 300.00, 1, '2015-07-15', 2, '', ''),
(505, 1, 36, 6378, 200.00, 1, '2015-07-17', 1, '', '中科院 人才交流中心（没有此客户）'),
(506, 1, 36, 4658, 450.00, 1, '2015-07-07', 2, '', ''),
(507, 1, 36, 3954, 200.00, 1, '2015-07-15', 1, '', ''),
(508, 1, 36, 6451, 200.00, 1, '2015-07-08', 2, '', ''),
(509, 1, 36, 1549, 2422.50, 2, NULL, 1, '', '2550*0.95'),
(510, 1, 36, 5298, 1200.00, 1, '2015-07-10', 2, '', ''),
(511, 1, 36, 945, 200.00, 1, '2015-07-17', 2, '', ''),
(512, 1, 36, 5812, 450.00, 1, '2015-07-10', 2, '', ''),
(513, 1, 36, 1071, 600.00, 1, '2015-07-17', 2, '', ''),
(514, 1, 36, 4113, 200.00, 2, NULL, 1, '', ''),
(515, 1, 36, 980, 200.00, 1, '2015-06-30', 2, '', ''),
(517, 1, 36, 6827, 300.00, 1, '2015-07-10', 1, '', ''),
(518, 1, 56, 6154, 200.00, 1, '2015-07-01', 2, '', ''),
(519, 1, 56, 676, 300.00, 1, '2015-07-06', 2, '', ''),
(520, 1, 56, 676, 600.00, 1, '2015-07-10', 2, '', ''),
(521, 1, 56, 6365, 300.00, 1, '2015-07-07', 2, '', ''),
(522, 1, 56, 70, 300.00, 1, '2015-07-02', 2, '', ''),
(523, 1, 56, 4508, 300.00, 1, '2015-07-09', 2, '', ''),
(524, 1, 56, 5740, 200.00, 1, '2015-07-18', 2, '', ''),
(525, 1, 56, 4886, 200.00, 1, '2015-07-09', 2, '', ''),
(526, 1, 56, 6378, 330.00, 1, '2015-07-18', 1, '', '松正电动汽车（未录入系统）'),
(527, 1, 56, 5549, 600.00, 1, '2015-07-10', 2, '', ''),
(528, 1, 56, 5740, 300.00, 1, '2015-07-18', 2, '', '天津一一儿童军校'),
(529, 1, 56, 1558, 300.00, 1, '2015-07-18', 1, '', ''),
(530, 1, 56, 6378, 200.00, 1, '2015-07-18', 2, '', '北京冠智健通'),
(531, 1, 60, 6451, 2580.00, 1, '2015-07-08', 1, '', ''),
(532, 1, 60, 1549, 4902.00, 2, NULL, 1, '', '5160*0.95'),
(533, 1, 60, 945, 5000.00, 1, '2015-07-08', 1, '', ''),
(534, 1, 60, 972, 2580.00, 1, '2015-07-02', 1, '', ''),
(535, 1, 60, 5385, 2580.00, 1, NULL, 1, '', ''),
(536, 1, 60, 4113, 2580.00, 2, NULL, 1, '', ''),
(537, 1, 60, 4658, 2425.00, 1, '2015-07-08', 1, '', ''),
(538, 1, 37, 174, 40000.00, 1, '2015-07-14', 1, '', ''),
(539, 1, 38, 533, 33060.00, 1, '2015-08-19', 1, '', ''),
(540, 1, 39, 67, 35000.00, 1, '2015-07-14', 1, '', ''),
(541, 1, 68, 1038, 23000.00, 1, '2015-07-24', 1, '', ''),
(545, 1, 59, NULL, 300.00, 1, '2015-07-01', 2, '', '卡德猎头，还没有进入系统'),
(546, 1, 59, 933, 300.00, 1, '2015-07-16', 2, '', ''),
(547, 1, 36, 179, 200.00, 1, '2015-06-29', 2, '', ''),
(548, 1, 59, 840, 300.00, 1, '2015-07-02', 2, '', ''),
(550, 2, 66, NULL, 54.00, 1, '2015-07-03', 2, '', '采购书籍的退款'),
(551, 2, 66, NULL, 5659.38, 1, '2015-07-05', 2, '', '陶敏5-7月社保及公积金 刘坤'),
(552, 2, 66, NULL, 10000.00, 1, '2015-07-05', 2, '', '斯佳借款'),
(553, 1, 36, 81, 200.00, 1, '2015-07-06', 2, '', ''),
(554, 2, 66, NULL, 10000.00, 1, '2015-07-07', 2, '', '斯佳借款给公司 10000'),
(555, 1, 36, 179, 100.00, 1, '2015-07-10', 2, '', '多加一个人，费用总额从200=》300'),
(556, 1, 57, 6451, 200.00, 1, '2015-07-17', 2, '', ''),
(557, 1, 57, 6731, 200.00, 1, NULL, 2, '', ''),
(558, 1, 57, 5740, 200.00, 1, '2015-07-16', 2, '', 'Renee个人报名'),
(559, 1, 82, 5844, 200.00, 1, '2015-07-15', 2, '', 'MPC online 首付（以前猎头赢报名未到）'),
(560, 1, 57, 80, 900.00, 1, '2015-07-16', 2, '', ''),
(561, 1, 57, 5772, 200.00, 1, '2015-08-03', 2, '', ''),
(562, 1, 57, 6378, 200.00, 1, '2015-08-03', 2, '', '仕卿 人力资源（未在公司库）'),
(563, 1, 57, 5835, 200.00, 1, '2015-08-03', 2, '', ''),
(564, 1, 57, 6419, 200.00, 1, '2015-07-17', 2, '', ''),
(565, 1, 57, 67, 100.00, 1, '2015-07-17', 2, '', '上次多支付了100'),
(566, 1, 57, 523, 200.00, 1, '2015-07-17', 2, '', ''),
(567, 1, 57, 5740, 200.00, 1, '2015-08-03', 2, '', '徐桂林'),
(568, 1, 57, 6494, 200.00, 1, NULL, 2, '', ''),
(570, 1, 57, 2076, 600.00, 1, '2015-07-16', 1, '', ''),
(571, 1, 57, 6378, 200.00, 1, '2015-08-03', 2, '', 'APF Associates 李振华'),
(572, 1, 36, 854, 300.00, 1, '2015-07-11', 2, '', ''),
(574, 2, 78, NULL, 1200.00, 1, '2015-07-14', 1, '', 'Tony CEO沙龙的收费，后退费'),
(575, 1, 63, 535, 300.00, 1, '2015-07-14', 1, '', '门票费用的第一部分'),
(576, 1, 63, 6384, 300.00, 1, '2015-07-15', 1, '', '互联网论坛费用首付'),
(577, 1, 63, 6384, 80.00, 1, '2015-07-31', 2, '', '互联网峰会费用尾款'),
(578, 2, 78, NULL, 500.00, 1, '2015-07-15', 1, '', '思易参加 CEO 沙龙，但是活动需求，会退款'),
(579, 2, 78, NULL, 300.00, 1, '2015-07-15', 2, '', '凯轶 参加 CEO 沙龙 后取消，8月5日退款'),
(580, 2, 78, NULL, 300.00, 1, '2015-07-15', 2, '', '广州凤凰 参加CEO沙龙，后活动取消，8月5日退款'),
(581, 2, 78, NULL, 300.00, 1, '2015-07-15', 2, '', '上海举贤 参加 CEO沙龙 活动，后取消，7月17日退款100，余下200本来猎头赢后来没参加上'),
(582, 1, 46, 4231, 200.00, 1, '2015-07-16', 2, '', ''),
(583, 2, 78, NULL, 3380.00, 1, '2015-07-17', 2, '', '缴费3580，后因为项目取消，7月28日退费3380，200为上海猎头赢费用（徐笑岩）'),
(584, 2, 78, NULL, 3580.00, 1, '2015-07-17', 2, '', '后因为活动取消7.21日退费（晓庄猎头）'),
(585, 1, 77, NULL, 200.00, 1, '2015-07-18', 2, '', '7.19猎头赢的到账，但是不知道是谁的'),
(586, 1, 77, 574, 1200.00, 1, '2015-07-20', 1, '', '不知道哪个项目的收入来源'),
(587, 1, 63, 6737, 380.00, 1, '2015-07-23', 2, '', ''),
(588, 1, 63, 6730, 760.00, 1, '2015-07-23', 2, '', ''),
(589, 1, 63, 3391, 1140.00, 1, '2015-07-23', 2, '', ''),
(590, 1, 70, 1943, 25000.00, 1, '2015-07-23', 1, '', ''),
(591, 1, 63, 6195, 380.00, 1, '2015-07-24', 2, '', ''),
(592, 1, 63, 5735, 380.00, 1, '2015-07-27', 2, '', ''),
(593, 1, 63, 4911, 1140.00, 1, '2015-07-27', 2, '', ''),
(594, 1, 63, 4191, 1140.00, 1, '2015-07-27', 2, '', ''),
(595, 1, 63, 6378, 1833.50, 1, '2015-07-28', 2, '', '会鸽分润第一笔'),
(596, 1, 63, 6728, 1140.00, 1, '2015-07-28', 2, '', ''),
(597, 1, 63, 840, 1140.00, 1, '2015-07-28', 2, '', ''),
(598, 1, 63, 5766, 380.00, 1, '2015-07-29', 2, '', ''),
(599, 1, 63, 696, 380.00, 1, '2015-07-29', 2, '', ''),
(600, 1, 63, 972, 1140.00, 1, '2015-07-29', 2, '', ''),
(601, 1, 63, 410, 380.00, 1, '2015-07-30', 2, '', ''),
(602, 1, 63, 60, 1900.00, 1, '2015-07-30', 2, '', ''),
(603, 1, 63, 5405, 380.00, 1, '2015-07-30', 2, '', ''),
(604, 1, 63, 4680, 760.00, 1, '2015-07-30', 2, '', ''),
(605, 1, 63, 523, 380.00, 1, '2015-07-31', 2, '', ''),
(606, 1, 63, 182, 380.00, 1, '2015-07-31', 2, '', ''),
(607, 1, 63, 6433, 380.00, 1, '2015-07-31', 2, '', ''),
(608, 1, 63, 2215, 380.00, 1, '2015-07-31', 1, '', ''),
(609, 1, 63, 2022, 380.00, 1, '2015-07-31', 2, '', ''),
(610, 1, 63, 6297, 380.00, 1, '2015-07-31', 2, '', ''),
(611, 1, 63, 4687, 760.00, 1, '2015-07-31', 2, '', ''),
(612, 1, 63, 5547, 380.00, 1, '2015-07-31', 1, '', ''),
(613, 1, 76, 6562, 100.00, 1, '2015-07-31', 2, '', ''),
(614, 1, 63, 972, 380.00, 1, '2015-07-31', 2, '', ''),
(615, 1, 63, 535, 80.00, 1, '2015-07-31', 2, '', '门票的第二部分'),
(616, 1, 77, 6451, 25000.00, 1, '2015-07-31', 1, '', ''),
(617, 1, 63, 6746, 380.00, 1, '2015-08-01', 2, '', ''),
(618, 1, 63, 4658, 380.00, 1, '2015-08-01', 2, '', ''),
(619, 1, 63, 4395, 1140.00, 1, '2015-08-03', 1, '', ''),
(620, 1, 76, 67, 300.00, 1, '2015-08-03', 1, '', ''),
(621, 1, 63, 6633, 380.00, 1, '2015-08-03', 2, '', ''),
(622, 1, 63, 706, 1520.00, 1, '2015-08-03', 1, '', ''),
(623, 1, 63, 1046, 760.00, 1, '2015-08-03', 2, '', ''),
(624, 1, 63, 179, 380.00, 1, '2015-08-04', 1, '', ''),
(625, 1, 76, 6731, 100.00, 1, '2015-08-05', 2, '', ''),
(626, 1, 63, 6378, 480.00, 1, '2015-08-06', 2, '', '备注是“哈哈哈哈哈”，不知道哪个客户'),
(627, 1, 81, 43, 6000.00, 1, '2015-08-06', 1, '', ''),
(628, 2, 78, NULL, 1886.46, 1, '2015-08-06', 2, '', '陶敏8月社保费用 刘坤'),
(629, 1, 71, 3163, 500.00, 1, '2015-08-07', 1, '', ''),
(630, 1, 72, 3163, 220.00, 1, '2015-08-07', 1, '', ''),
(631, 1, 63, 6408, 960.00, 1, '2015-08-07', 1, '', ''),
(632, 1, 63, 6753, 380.00, 1, '2015-08-07', 1, '', ''),
(633, 1, 71, 6744, 500.00, 1, '2015-08-08', 2, '', ''),
(634, 1, 63, 6753, 380.00, 1, '2015-08-09', 1, '', ''),
(635, 2, 78, NULL, 100.00, 1, '2015-08-09', 1, '', '三马和斯佳机票取消后的退费'),
(636, 1, 63, 5473, 1140.00, 1, '2015-08-09', 2, '', ''),
(637, 1, 63, 946, 1900.00, 1, '2015-08-10', 1, '', ''),
(638, 1, 71, 4231, 500.00, 1, '2015-08-10', 2, '', ''),
(639, 1, 63, 65, 380.00, 1, '2015-08-10', 2, '', ''),
(640, 1, 63, 5936, 480.00, 1, '2015-08-10', 1, '', ''),
(641, 1, 71, 4207, 400.00, 1, '2015-08-10', 2, '', ''),
(642, 1, 72, 4207, 1100.00, 1, '2015-08-10', 2, '', ''),
(643, 1, 71, 5300, 1000.00, 1, '2015-08-11', 2, '', ''),
(644, 1, 72, 4192, 100.00, 1, '2015-08-11', 2, '', ''),
(645, 1, 71, 4571, 400.00, 1, '2015-08-12', 2, '', ''),
(646, 1, 71, 734, 500.00, 1, '2015-08-12', 2, '', '马亚梅'),
(647, 1, 71, 5612, 400.00, 1, '2015-08-12', 2, '', ''),
(648, 1, 71, 6386, 400.00, 1, '2015-08-12', 2, '', ''),
(649, 1, 71, 3916, 400.00, 1, '2015-08-12', 2, '', ''),
(650, 1, 63, 5971, 480.00, 1, '2015-08-13', 2, '', ''),
(651, 1, 63, 4395, 380.00, 1, '2015-08-13', 1, '', ''),
(652, 1, 63, 6378, 480.00, 1, '2015-08-13', 2, '', ''),
(654, 1, 72, 5551, 300.00, 1, '2015-08-14', 2, '', ''),
(656, 1, 63, 4164, 1440.00, 1, '2015-08-14', 1, '', ''),
(657, 1, 63, 6737, 380.00, 1, '2015-08-14', 2, '', ''),
(658, 2, 78, 6378, 85.00, 1, '2015-08-14', 2, '', ''),
(659, 1, 76, 900, 100.00, 2, NULL, 1, '', ''),
(660, 1, 76, 525, 200.00, 2, NULL, 1, '', ''),
(661, 1, 71, 5312, 500.00, 1, '2015-08-21', 1, '', ''),
(662, 1, 71, 547, 500.00, 1, '2015-08-21', 2, '', ''),
(663, 1, 71, 6104, 500.00, 1, '2015-08-21', 2, '', ''),
(664, 1, 71, 6378, 400.00, 1, '2015-08-21', 2, '', '捷仕达猎头'),
(665, 1, 72, 1923, 1400.00, 1, '2015-08-14', 2, '', ''),
(666, 1, 71, 1923, 500.00, 1, '2015-08-16', 2, '', '因为以前历史原因，这次赠送一人'),
(667, 1, 71, 2200, 500.00, 1, NULL, 2, '', ''),
(669, 1, 71, 4066, 500.00, 1, NULL, 2, '', ''),
(670, 1, 71, 706, 400.00, 1, '2015-10-10', 2, '', ''),
(671, 1, 71, 711, 500.00, 1, '2015-09-02', 2, '', ''),
(672, 1, 72, 706, 450.00, 1, '2015-08-16', 2, '', ''),
(673, 1, 72, 547, 450.00, 1, '2015-08-21', 1, '', ''),
(674, 1, 72, 5612, 200.00, 1, '2015-08-21', 2, '', ''),
(675, 1, 72, 708, 100.00, 1, '2015-08-21', 2, '', ''),
(678, 1, 72, 6792, 100.00, 1, NULL, 2, '', ''),
(679, 1, 72, 6680, 600.00, 1, NULL, 2, '', ''),
(680, 1, 72, 4571, 200.00, 1, '2015-08-14', 2, '', ''),
(681, 1, 72, 4202, 200.00, 1, '2015-08-14', 2, '', ''),
(682, 1, 72, 711, 1600.00, 1, NULL, 2, '', ''),
(683, 1, 72, 3916, 400.00, 1, NULL, 2, '', ''),
(684, 1, 72, 579, 150.00, 1, '2015-08-16', 2, '', ''),
(685, 1, 72, 4407, 200.00, 2, NULL, 1, '', ''),
(686, 1, 72, 5612, 100.00, 1, '2015-08-16', 2, '', ''),
(687, 1, 72, 6793, 400.00, 1, NULL, 2, '', ''),
(688, 1, 63, 5202, 20000.00, 1, '2015-09-24', 1, '', ''),
(689, 1, 63, 6201, 20000.00, 1, '2015-09-02', 1, '', ''),
(690, 1, 63, 1461, 15000.00, 1, '2015-08-18', 1, '', '赞助款首付'),
(691, 1, 63, 1461, 15000.00, 1, NULL, 1, '', '赞助款尾款'),
(692, 1, 75, 525, 500.00, 2, NULL, 1, '', ''),
(693, 1, 75, 533, 400.00, 1, '2015-08-19', 2, '', ''),
(694, 1, 75, 547, 500.00, 1, '2015-09-06', 2, '', ''),
(695, 1, 75, 4423, 500.00, 1, '2015-09-06', 2, '', ''),
(696, 1, 75, 561, 500.00, 1, '2015-09-06', 2, '', ''),
(697, 1, 75, 579, 500.00, 1, '2015-08-18', 2, '', ''),
(698, 1, 75, 589, 500.00, 1, '2015-08-24', 1, '', ''),
(699, 1, 75, 840, 400.00, 1, '2015-08-21', 2, '', ''),
(700, 1, 75, 996, 500.00, 1, '2015-08-19', 2, '', ''),
(701, 1, 75, 1077, 1000.00, 1, '2015-08-20', 1, '', ''),
(702, 1, 75, 1077, 500.00, 1, '2015-08-25', 1, '', ''),
(703, 1, 75, 2215, 500.00, 1, '2015-08-19', 1, '', ''),
(704, 1, 75, 4430, 500.00, 1, '2015-08-20', 1, '', ''),
(705, 1, 75, 5766, 500.00, 1, '2015-08-22', 2, '', ''),
(706, 1, 75, 5835, 1000.00, 1, '2015-08-19', 2, '', ''),
(707, 1, 75, 6185, 1500.00, 1, '2015-08-22', 2, '', ''),
(708, 1, 75, 6451, 500.00, 1, '2015-08-21', 2, '', ''),
(709, 1, 75, 35, 500.00, 1, '2015-08-21', 2, '', ''),
(710, 1, 75, 1461, 500.00, 2, NULL, 2, '', ''),
(711, 1, 75, 77, 500.00, 1, '2015-08-22', 2, '', ''),
(712, 1, 63, 37, 1140.00, 2, NULL, 1, '', ''),
(713, 1, 63, 65, 380.00, 1, '2015-08-20', 2, '', ''),
(714, 1, 63, 80, 760.00, 1, NULL, 2, '', ''),
(715, 1, 63, 525, 760.00, 2, NULL, 2, '', ''),
(716, 1, 63, 178, 1520.00, 1, '2015-08-18', 1, '', ''),
(717, 1, 63, 546, 1140.00, 1, '2015-08-19', 2, '', ''),
(718, 1, 63, 547, 380.00, 1, '2015-08-22', 2, '', ''),
(719, 1, 63, 579, 380.00, 1, '2015-08-18', 2, '', ''),
(720, 1, 63, 706, 380.00, 1, '2015-08-14', 2, '', ''),
(721, 1, 63, 1907, 380.00, 1, '2015-08-21', 2, '', ''),
(722, 1, 63, 1002, 380.00, 1, NULL, 2, '', ''),
(723, 1, 63, 4008, 880.00, 1, '2015-08-19', 2, '', ''),
(724, 1, 63, 4089, 1140.00, 1, '2015-08-20', 1, '', ''),
(725, 1, 63, 4430, 480.00, 1, '2015-08-20', 1, '', ''),
(726, 1, 63, 5741, 680.00, 1, '2015-08-23', 2, '', ''),
(727, 1, 63, 5320, 380.00, 1, '2015-09-07', 2, '', ''),
(728, 1, 63, 5680, 380.00, 1, '2015-08-23', 2, '', ''),
(729, 1, 63, 5697, 480.00, 1, '2015-08-18', 2, '', ''),
(730, 1, 63, 900, 380.00, 2, NULL, 1, '', ''),
(732, 1, 63, 5866, 760.00, 1, '2015-08-18', 2, '', ''),
(734, 1, 63, 6185, 380.00, 1, NULL, 1, '', ''),
(735, 1, 63, 734, 380.00, 1, '2015-08-23', 2, '', ''),
(736, 1, 63, 77, 480.00, 1, '2015-08-24', 2, '', ''),
(737, 1, 63, 6789, 1140.00, 1, '2015-08-19', 1, '', ''),
(738, 1, 63, 6788, 480.00, 1, '2015-08-19', 1, '', ''),
(739, 1, 83, 6174, 25000.00, 1, '2015-09-25', 1, '', ''),
(740, 1, 79, 67, 400.00, 2, NULL, 1, '', ''),
(741, 1, 79, 80, 1400.00, 1, '2015-09-08', 2, '', ''),
(742, 1, 79, 525, 600.00, 2, NULL, 1, '', ''),
(743, 1, 79, 574, 200.00, 1, '2015-09-21', 2, '', ''),
(744, 1, 79, 690, 200.00, 1, '2015-08-28', 1, '', ''),
(745, 1, 79, 693, 200.00, 1, '2015-08-25', 2, '', ''),
(746, 1, 79, 734, 200.00, 1, '2015-08-31', 2, '', ''),
(747, 1, 79, 896, 200.00, 1, '2015-08-28', 2, '', ''),
(748, 1, 79, 980, 200.00, 1, '2015-08-26', 2, '', '森卓'),
(749, 1, 79, 2059, 200.00, 1, '2015-09-21', 2, '', ''),
(750, 1, 79, 4897, 200.00, 1, '2015-08-28', 1, '', ''),
(751, 1, 79, 5048, 200.00, 1, '2015-08-25', 1, '', ''),
(752, 1, 79, 5495, 200.00, 1, '2015-08-26', 2, '', ''),
(753, 1, 79, 5592, 200.00, 1, '2015-08-24', 2, '', ''),
(754, 1, 79, 6154, 200.00, 1, '2015-08-25', 2, '', ''),
(755, 1, 79, 6198, 200.00, 1, '2015-08-26', 2, '', ''),
(757, 1, 79, 6467, 200.00, 1, NULL, 2, '', ''),
(758, 1, 79, 6814, 200.00, 1, '2015-08-30', 2, '', ''),
(759, 1, 79, 6818, 200.00, 1, '2015-08-28', 1, '', ''),
(760, 1, 79, 1930, 200.00, 1, '2015-08-29', 2, '', ''),
(761, 1, 79, 4113, 200.00, 2, NULL, 2, '', ''),
(762, 1, 79, 4966, 200.00, 1, '2015-08-30', 2, '', ''),
(763, 1, 79, 533, 600.00, 1, NULL, 2, '', ''),
(764, 1, 79, 4422, 200.00, 1, '2015-08-28', 2, '', ''),
(765, 1, 79, 1933, 200.00, 1, '2015-08-30', 2, '', ''),
(766, 1, 79, 5549, 200.00, 1, NULL, 2, '', ''),
(767, 1, 79, 6195, 200.00, 1, '2015-08-26', 2, '', ''),
(768, 1, 82, 6154, 576.00, 1, '2015-09-11', 2, '', ''),
(769, 1, 82, 5495, 288.00, 1, '2015-09-01', 2, '', ''),
(770, 1, 82, 6753, 288.00, 1, '2015-09-01', 1, '', ''),
(771, 1, 82, 4863, 388.00, 1, '2015-09-02', 2, '', ''),
(772, 1, 82, 585, 288.00, 1, '2015-09-06', 2, '', ''),
(773, 1, 86, 60, 388.00, 1, '2015-09-09', 2, '', ''),
(774, 1, 82, 4658, 288.00, 1, '2015-09-06', 2, '', ''),
(775, 1, 82, 6154, 288.00, 1, '2015-09-07', 1, '', ''),
(776, 1, 82, 6823, 288.00, 1, '2015-09-07', 2, '', ''),
(777, 1, 82, 6384, 288.00, 1, '2015-09-08', 2, '', ''),
(778, 1, 82, 163, 288.00, 1, '2015-09-09', 2, '', ''),
(779, 1, 86, 6198, 288.00, 1, '2015-09-09', 2, '', ''),
(780, 1, 82, 564, 288.00, 1, '2015-09-10', 2, '', ''),
(781, 1, 82, 6822, 288.00, 1, '2015-09-11', 2, '', ''),
(782, 1, 82, 6820, 288.00, 1, '2015-09-11', 2, '', ''),
(783, 1, 82, 945, 288.00, 1, '2015-09-11', 2, '', ''),
(784, 1, 82, 6453, 288.00, 1, '2015-09-11', 1, '', ''),
(785, 1, 82, 5844, 88.00, 1, '2015-09-12', 2, '', 'MPC课程尾款'),
(786, 1, 82, 564, 299.00, 1, '2015-09-13', 2, '', ''),
(787, 1, 86, 5423, 288.00, 1, '2015-09-11', 2, '', ''),
(788, 1, 82, 80, 1728.00, 1, NULL, 2, '', ''),
(789, 1, 82, 6675, 200.00, 1, '2015-09-01', 2, '', '确实费用是200'),
(790, 1, 82, 5608, 288.00, 1, '2015-09-07', 2, '', ''),
(791, 1, 82, 4192, 288.00, 1, '2015-09-11', 2, '', ''),
(792, 1, 82, 6320, 288.00, 1, NULL, 2, '', ''),
(793, 1, 82, 5473, 288.00, 1, '2015-09-21', 2, '', ''),
(794, 1, 82, 4687, 200.00, 1, '2015-09-09', 2, '', ''),
(795, 1, 82, 4430, 288.00, 1, '2015-09-13', 1, '', ''),
(796, 1, 82, 3956, 288.00, 1, '2015-09-10', 2, '', ''),
(797, 1, 82, 5766, 388.00, 1, '2015-10-09', 2, '', ''),
(798, 1, 82, 945, 288.00, 1, '2015-09-15', 2, '', ''),
(799, 1, 82, 4191, 288.00, 1, '2015-09-11', 2, '', ''),
(800, 1, 82, 179, 288.00, 1, '2015-09-14', 2, '', ''),
(801, 1, 82, 4431, 576.00, 1, '2015-09-06', 2, '', ''),
(802, 1, 82, 1071, 1440.00, 2, NULL, 1, '', ''),
(803, 1, 82, 102, 288.00, 1, '2015-09-04', 2, '', ''),
(804, 1, 82, 6439, 200.00, 1, '2015-09-01', 2, '', ''),
(805, 1, 82, 5340, 388.00, 1, '2015-09-10', 2, '', ''),
(806, 1, 82, 4897, 388.00, 1, '2015-09-11', 1, '', ''),
(807, 1, 71, 210, 400.00, 1, '2015-08-16', 2, '', ''),
(808, 1, 72, 2262, 200.00, 1, '2015-08-16', 2, '', ''),
(809, 1, 72, 3155, 150.00, 1, '2015-08-16', 2, '', ''),
(810, 1, 63, 6378, 1466.80, 1, '2015-08-18', 1, '', '会鸽分润第二笔'),
(811, 1, 63, 894, 380.00, 1, '2015-08-18', 2, '', ''),
(812, 1, 63, 6794, 380.00, 1, '2015-08-19', 2, '', ''),
(813, 1, 63, 6747, 380.00, 1, '2015-08-20', 2, '', ''),
(814, 1, 63, 6451, 380.00, 1, '2015-08-21', 2, '', ''),
(815, 1, 63, 840, 380.00, 1, '2015-08-21', 2, '', ''),
(816, 1, 63, 751, 380.00, 1, '2015-08-21', 2, '', ''),
(817, 1, 63, 6378, 656.20, 1, '2015-08-22', 2, '', '会鸽分润第三笔'),
(818, 1, 63, 6198, 1440.00, 1, '2015-08-22', 2, '', ''),
(819, 2, 78, 1943, 338.00, 1, '2015-09-01', 2, '', 'Linda住宿费用报销'),
(820, 1, 87, 6541, 760.00, 1, '2015-09-15', 2, '', ''),
(821, 1, 87, 4658, 1140.00, 1, '2015-09-07', 2, '', ''),
(822, 2, 78, NULL, 1886.47, 1, '2015-09-07', 2, '', ''),
(823, 1, 87, 1038, 760.00, 1, '2015-09-10', 2, '', ''),
(824, 1, 77, 6378, 288.00, 1, '2015-09-10', 2, '', ''),
(825, 1, 88, 4658, 300.00, 1, '2015-09-17', 2, '', ''),
(826, 1, 88, 6837, 480.00, 1, '2015-09-17', 1, '', ''),
(827, 1, 88, 3793, 480.00, 1, '2015-09-17', 1, '', ''),
(828, 1, 88, 6835, 480.00, 1, '2015-09-16', 2, '', ''),
(829, 1, 88, 5766, 1180.00, 1, '2015-09-16', 2, '', ''),
(830, 1, 88, 6378, 480.00, 1, '2015-09-16', 1, '', ''),
(831, 1, 88, 5562, 480.00, 1, '2015-09-15', 1, '', ''),
(832, 1, 88, 6830, 480.00, 1, '2015-09-15', 2, '', ''),
(833, 1, 88, 1120, 300.00, 1, '2015-09-15', 1, '', ''),
(834, 1, 88, 6834, 480.00, 1, '2015-09-15', 1, '', ''),
(835, 1, 88, 5635, 960.00, 1, '2015-09-15', 1, '', ''),
(836, 1, 88, 6833, 480.00, 1, '2015-09-14', 1, '', ''),
(837, 1, 88, 6154, 666.00, 1, '2015-09-14', 1, '', ''),
(838, 1, 88, 6827, 480.00, 1, '2015-09-10', 1, '', ''),
(839, 1, 88, 6839, 300.00, 1, '2015-09-18', 1, '', ''),
(840, 1, 88, 6838, 620.00, 1, '2015-09-18', 1, '', ''),
(841, 1, 88, 6828, 480.00, 1, '2015-09-18', 2, '', ''),
(842, 1, 88, 1118, 480.00, 2, NULL, 1, '', ''),
(844, 1, 88, 5348, 480.00, 1, '2015-09-15', 2, '', ''),
(845, 1, 88, 1549, 912.00, 2, NULL, 1, '', '960*0.95'),
(846, 1, 91, 6365, 380.00, 1, '2015-09-11', 1, '', '北京金融公开课首付'),
(847, 1, 87, 60, 380.00, 1, '2015-09-14', 2, '', ''),
(848, 1, 87, 6378, 760.00, 1, '2015-09-14', 2, '', '博人卓远'),
(849, 1, 90, 4430, 1080.00, 1, '2015-09-15', 1, '', ''),
(850, 1, 90, 179, 1080.00, 1, '2015-09-15', 2, '', ''),
(851, 1, 90, 564, 1080.00, 1, '2015-09-15', 2, '', ''),
(852, 1, 90, 585, 1080.00, 1, '2015-09-16', 2, '', ''),
(853, 1, 90, 5423, 1080.00, 1, '2015-09-16', 2, '', ''),
(854, 1, 90, 4897, 1080.00, 1, '2015-09-17', 2, '', ''),
(855, 1, 87, 6378, 366.70, 1, '2015-09-17', 2, '', ''),
(856, 2, 88, 5740, 300.00, 1, '2015-09-18', 2, '', 'Leo 自由职业者'),
(857, 1, 86, 717, 288.00, 1, NULL, 1, '', ''),
(858, 1, 88, 6826, 480.00, 1, '2015-09-29', 1, '', ''),
(860, 1, 88, 5758, 480.00, 1, NULL, 1, '', ''),
(862, 1, 88, 6831, 480.00, 1, NULL, 1, '', ''),
(863, 1, 88, 6832, 300.00, 1, NULL, 1, '', ''),
(864, 1, 88, 6836, 480.00, 1, '2015-09-29', 2, '', ''),
(865, 1, 88, 6378, 480.00, 1, '2015-09-29', 2, '', '上海士卿'),
(867, 1, 63, 6378, 3895.38, 1, '2015-09-23', 2, '', '会鸽分润 第四部分'),
(868, 1, 88, 6378, 300.00, 1, '2015-09-19', 2, '', '小灵通金融集团'),
(869, 1, 77, 6378, 300.00, 1, '2015-09-19', 2, '', ''),
(870, 2, 78, NULL, 16.61, 1, '2015-09-20', 1, '', '利息'),
(871, 2, 78, NULL, 11.09, 1, '2015-09-21', 2, '', ''),
(872, 1, 86, 4846, 288.00, 1, '2015-09-21', 2, '', ''),
(873, 1, 90, 163, 1080.00, 1, '2015-09-22', 2, '', ''),
(874, 1, 87, 6728, 1140.00, 1, '2015-09-22', 2, '', ''),
(875, 1, 86, 6178, 288.00, 1, '2015-09-22', 2, '', ''),
(876, 1, 77, 6378, 288.00, 1, '2015-09-23', 2, '', ''),
(877, 1, 86, 6840, 288.00, 1, '2015-09-24', 2, '', ''),
(878, 1, 86, 690, 194.00, 1, '2015-09-24', 2, '', '388的一半（半价优惠）'),
(879, 1, 86, 172, 576.00, 1, '2015-09-24', 2, '', ''),
(880, 1, 87, 5547, 380.00, 1, '2015-09-30', 2, '', ''),
(881, 1, 90, 4687, 1080.00, 1, '2015-10-07', 2, '', ''),
(882, 1, 90, 4431, 1080.00, 1, '2015-10-07', 2, '', ''),
(883, 1, 88, 4113, 300.00, 2, NULL, 1, '', ''),
(884, 1, 86, 1, 288.00, 2, NULL, 1, '', ''),
(885, 1, 86, 3155, 288.00, 1, NULL, 2, '', ''),
(886, 1, 86, 47, 288.00, 2, NULL, 1, '', ''),
(887, 2, 78, NULL, 1886.46, 1, '2015-10-07', 2, '', '刘坤-陶敏10月社保'),
(888, 1, 87, 5405, 380.00, 1, '2015-10-08', 2, '', ''),
(889, 2, 78, NULL, 5000.00, 1, '2015-10-08', 2, '', '向斯佳借款'),
(890, 1, 90, 102, 1080.00, 1, '2015-10-08', 2, '', ''),
(891, 1, 90, 6753, 1080.00, 1, '2015-10-08', 2, '', ''),
(892, 1, 90, 4846, 1080.00, 1, '2015-10-09', 2, '', ''),
(893, 1, 90, 5495, 1080.00, 1, '2015-10-10', 2, '', ''),
(894, 1, 87, 717, 760.00, 1, '2015-10-10', 2, '', ''),
(895, 1, 94, 6753, 288.00, 1, '2015-10-10', 2, '', ''),
(896, 1, 90, 5473, 1368.00, 1, '2015-10-11', 2, '', ''),
(897, 1, 90, 5320, 1080.00, 1, '2015-10-15', 2, '', ''),
(899, 1, 90, 5936, 1080.00, 1, NULL, 2, '', ''),
(900, 1, 90, 6822, 1080.00, 1, NULL, 2, '', ''),
(901, 1, 90, 1, 1080.00, 2, NULL, 1, '', ''),
(902, 1, 90, 1071, 5400.00, 2, NULL, 1, '', ''),
(903, 1, 90, 734, 1080.00, 1, NULL, 2, '', ''),
(904, 1, 90, 6840, 1080.00, 1, '2015-10-18', 2, '', ''),
(905, 1, 90, 80, 5400.00, 1, NULL, 2, '', ''),
(906, 1, 96, 5392, 45000.00, 1, '2015-10-12', 1, NULL, ''),
(907, 1, 77, 6378, 3240.00, 1, '2015-10-12', 2, NULL, ''),
(908, 2, 77, NULL, 7545.84, 1, '2015-10-12', 2, NULL, '帮王刚缴纳社保的费用'),
(909, 1, 91, 2035, 756.00, 1, '2015-10-13', 2, NULL, ''),
(910, 1, 91, 1930, 1932.00, 1, '2015-10-13', 2, NULL, ''),
(911, 1, 87, 2035, 324.00, 1, '2015-10-13', 2, NULL, ''),
(912, 1, 87, 1930, 828.00, 1, '2015-10-13', 2, NULL, ''),
(913, 1, 77, NULL, 1080.00, 1, '2015-10-13', 1, NULL, ''),
(914, 1, 87, 6541, 380.00, 1, '2015-10-15', 2, NULL, ''),
(915, 1, 91, 980, 756.00, 1, '2015-10-16', 2, NULL, ''),
(916, 1, 87, 980, 324.00, 1, '2015-10-16', 2, NULL, ''),
(917, 1, 97, 533, 33060.00, 1, '2015-11-04', 1, NULL, ''),
(918, 1, 98, 6012, 35000.00, 1, NULL, 1, NULL, ''),
(919, 1, 100, 6451, 25000.00, 1, '2015-10-28', 1, NULL, ''),
(920, 1, 95, 5392, 80000.00, 1, NULL, 1, NULL, ''),
(921, 1, 87, 6541, 380.00, 1, '2015-10-16', 2, NULL, ''),
(922, 1, 77, 6378, 1080.00, 1, '2015-10-19', 2, NULL, ''),
(923, 1, 91, 6862, 756.00, 1, '2015-10-19', 2, NULL, '');
INSERT INTO `income` (`id`, `type`, `project_id`, `client_id`, `number`, `card`, `income_date`, `invoice`, `invoice_code`, `comment`) VALUES
(924, 1, 87, 6862, 324.00, 1, '2015-10-19', 2, NULL, ''),
(925, 1, 87, 6365, 324.00, 1, '2015-10-19', 2, NULL, ''),
(926, 1, 91, 6365, 376.00, 1, '2015-10-19', 2, NULL, '北京金融公开课尾款'),
(927, 1, 87, 717, 380.00, 1, '2015-10-20', 2, NULL, ''),
(928, 1, 91, 2022, 1512.00, 1, '2015-10-21', 2, NULL, ''),
(929, 1, 87, 2022, 648.00, 1, '2015-10-21', 2, NULL, ''),
(930, 1, 87, 534, 480.00, 1, '2015-10-22', 2, NULL, ''),
(931, 1, 87, 5936, 324.00, 1, '2015-10-22', 2, NULL, ''),
(932, 1, 91, 5936, 756.00, 1, '2015-10-22', 2, NULL, ''),
(933, 1, 87, 972, 1440.00, 1, '2015-10-22', 1, NULL, ''),
(934, 1, 91, 6559, 1512.00, 1, '2015-10-23', 2, NULL, ''),
(935, 1, 87, 6559, 648.00, 1, '2015-10-23', 2, NULL, ''),
(936, 1, 94, 4828, 288.00, 1, '2015-10-23', 2, NULL, ''),
(937, 1, 87, 60, 880.00, 1, '2015-10-26', 2, NULL, '志愿者价格'),
(938, 1, 87, 3808, 680.00, 1, '2015-10-26', 2, NULL, ''),
(939, 1, 99, 354, 300.00, 1, '2015-10-26', 2, NULL, ''),
(940, 1, 87, 6821, 760.00, 1, '2015-10-26', 2, NULL, ''),
(941, 1, 87, 1933, 1296.00, 1, '2015-10-26', 2, NULL, ''),
(942, 1, 91, 1933, 2844.00, 1, '2015-10-26', 2, NULL, '金融公开课首付'),
(943, 1, 91, 1933, 180.00, 1, '2015-10-28', 2, NULL, '金融公开课尾款'),
(944, 1, 87, 966, 1520.00, 1, '2015-10-27', 2, NULL, ''),
(945, 1, 99, 585, 300.00, 1, '2015-10-27', 2, NULL, ''),
(946, 1, 91, 547, 756.00, 1, '2015-10-27', 2, NULL, ''),
(947, 1, 87, 547, 324.00, 1, '2015-10-27', 2, NULL, ''),
(948, 1, 87, 711, 960.00, 1, '2015-10-28', 2, NULL, ''),
(949, 1, 99, 5320, 300.00, 1, '2015-10-28', 2, NULL, ''),
(950, 1, 99, 77, 300.00, 1, '2015-10-28', 2, NULL, ''),
(951, 1, 87, 6154, 380.00, 1, '2015-10-28', 2, NULL, ''),
(952, 1, 91, 171, 1932.00, 1, '2015-10-28', 2, NULL, ''),
(953, 1, 87, 171, 828.00, 1, '2015-10-28', 2, NULL, ''),
(954, 1, 87, 5348, 15000.00, 1, NULL, 1, NULL, '赞助款'),
(955, 1, 87, 1040, 35000.00, 1, '2015-10-30', 1, NULL, ''),
(956, 1, 87, 4113, 17500.00, 1, '2015-10-30', 1, NULL, '赞助款首付'),
(957, 1, 101, 6, 25000.00, 1, NULL, 1, NULL, ''),
(958, 1, 99, 67, 300.00, 1, NULL, 2, NULL, ''),
(959, 1, 99, 149, 300.00, 1, NULL, 2, NULL, ''),
(960, 1, 99, 542, 600.00, 1, NULL, 2, NULL, ''),
(961, 1, 99, 745, 300.00, 1, NULL, 2, NULL, ''),
(962, 1, 99, 5420, 600.00, 1, NULL, 2, NULL, ''),
(963, 1, 99, 6451, 300.00, 1, NULL, 2, NULL, ''),
(964, 1, 99, 6841, 300.00, 1, NULL, 2, NULL, ''),
(965, 1, 99, 5740, 300.00, 1, NULL, 2, NULL, 'Steven'),
(966, 1, 87, 4113, 17500.00, 1, NULL, 1, NULL, ''),
(967, 1, 87, 699, 1440.00, 1, '2015-10-28', 2, NULL, ''),
(968, 1, 87, 6872, 380.00, 1, '2015-10-28', 2, NULL, ''),
(969, 1, 87, 6787, 324.00, 1, '2015-10-29', 2, NULL, ''),
(970, 1, 91, 6787, 756.00, 1, '2015-10-29', 2, NULL, ''),
(971, 1, 87, 186, 1296.00, 1, '2015-10-29', 2, NULL, '4人'),
(972, 1, 91, 186, 3024.00, 1, '2015-10-29', 2, NULL, '4人'),
(973, 1, 87, 737, 1440.00, 1, '2015-10-29', 2, NULL, ''),
(974, 1, 87, 560, 1844.00, 1, '2015-10-29', 2, NULL, '3人团购3240中的非年卡部分'),
(975, 1, 87, 560, 1396.00, 2, NULL, 1, NULL, '');

-- --------------------------------------------------------

--
-- Table structure for table `pay`
--

CREATE TABLE IF NOT EXISTS `pay` (
`id` int(10) NOT NULL,
  `category` varchar(255) NOT NULL,
  `type_id` int(10) NOT NULL,
  `number` float(10,2) NOT NULL,
  `pay_date` date DEFAULT NULL,
  `comment` text
) ENGINE=InnoDB AUTO_INCREMENT=659 DEFAULT CHARSET=utf8;

--
-- Dumping data for table `pay`
--

INSERT INTO `pay` (`id`, `category`, `type_id`, `number`, `pay_date`, `comment`) VALUES
(1, '2', 4, 3200.00, '2015-06-09', ''),
(16, '', 1, 2212.00, '2015-04-12', 'Marvin Scarlet Helen Nicole 四人上海到北京火车票'),
(17, '2', 6, 10000.00, '2015-05-21', 'Amanda翻译'),
(18, '', 1, 2212.00, '2015-04-19', 'Marvin Scarlet Helen Nicole 四人北京到上海火车票'),
(21, '2', 2, 111.00, NULL, ''),
(22, '2', 2, 444.00, NULL, ''),
(23, '2', 2, 444.00, NULL, ''),
(24, '2', 1, 666.00, NULL, ''),
(25, '2', 1, 666.00, NULL, ''),
(26, '2', 3, 112.00, NULL, ''),
(27, '2', 4, 1050.00, '2015-05-11', '场地一共是1350，这笔是尾款'),
(28, '2', 5, 77.00, '2015-05-11', '员工午餐'),
(29, '2', 1, 33.00, '2015-05-11', ''),
(30, '2', 3, 68.00, '2015-05-11', '矿泉水、打印'),
(31, '2', 4, 1290.00, '2015-05-27', '公开课场地费尾款（已预付300）'),
(32, '2', 1, 60.00, '2015-05-27', '打车费'),
(33, '2', 5, 60.00, '2015-05-27', '饮用水'),
(34, '2', 5, 490.90, '2015-05-27', '课程用餐'),
(35, '2', 5, 124.00, '2015-05-27', '茶歇'),
(36, '2', 2, 1261.27, '2015-05-12', 'Helen、Michael、Scarlet、Jet住宿费，服务费1.27元'),
(37, '2', 1, 283.50, '2015-05-12', 'Helen、Michael、Scarlet上海到宁波交通费'),
(38, '2', 1, 78.00, '2015-05-18', '误车交通费，应该是98，因报销单填写错误，少报了20元'),
(39, '2', 5, 101.00, '2015-05-18', '宁波晚餐'),
(40, '2', 1, 28.00, '2015-05-18', '宁波打车费'),
(41, '2', 1, 100.00, '2015-05-18', '上海打车费'),
(42, '2', 4, 12000.00, '2015-05-23', '颁奖场地费尾款'),
(43, '2', 7, 3000.00, '2015-05-27', '媒体稿件费'),
(44, '2', 8, 88.00, '2015-05-27', '金色笔、签到笔'),
(45, '2', 8, 78.00, '2015-05-22', '奖杯送货费'),
(46, '2', 8, 500.00, '2015-05-27', '镜框'),
(47, '2', 5, 308.00, '2015-05-26', '5.23员工午餐'),
(48, '2', 5, 182.00, '2015-05-26', '5.23员工晚餐'),
(49, '2', 5, 120.00, '2015-05-27', '5.22加班外卖'),
(50, '2', 2, 852.00, '2015-05-26', '柳哥住宿'),
(51, '2', 8, 73.00, '2015-05-14', '红星星100个'),
(52, '2', 8, 38.00, '2015-05-27', '亮片布'),
(53, '2', 7, 621.00, '2015-05-27', '手提袋'),
(54, '2', 5, 113.00, '2015-05-27', '啤酒'),
(55, '2', 5, 500.00, '2015-05-27', 'RIO鸡尾酒'),
(56, '2', 5, 148.00, '2015-05-27', '红酒'),
(57, '2', 4, 4000.00, '2015-05-23', ''),
(58, '2', 1, 2261.00, '2015-04-13', 'Amanda 机票费用'),
(59, '2', 8, 296.01, '2015-05-21', 'Amanda 杂费报销'),
(60, '2', 1, 110.00, '2015-04-29', '打车费'),
(61, '2', 5, 225.00, '2015-04-29', '7杯咖啡'),
(63, '2', 5, 757.50, '2015-04-19', '午餐 真功夫外卖网银部分，三张团购券（支出757.5，退回430）'),
(64, '2', 3, 345.00, '2015-04-23', '教材费用'),
(67, '2', 2, 6300.00, NULL, 'Tony上海住宿费用'),
(68, '2', 1, 23044.70, NULL, 'Tony国际机票费'),
(71, '1', 5, 227.00, '2015-05-03', '买了一些粽子做礼物'),
(73, '1', 8, 12.00, '2015-05-04', '地毯样品快递到付'),
(74, '1', 9, 300.00, '2015-05-04', '爱招聘 微信公众号认证费用'),
(75, '2', 9, 4.75, '2015-05-04', '银行交付服务费'),
(77, '1', 9, 8.00, '2015-05-04', '银行交易服务费'),
(78, '1', 9, 200.00, '2015-05-04', 'Caroline的电话费充值'),
(79, '1', 8, 30.00, '2015-05-05', '配三把钥匙'),
(80, '1', 9, 20.00, '2015-05-05', '点易通充值10元，电话号码充值10元'),
(82, '2', 4, 300.00, '2015-05-05', '场地费押金'),
(83, '1', 10, 15000.00, '2015-05-05', 'Scarlet 4月工资'),
(84, '1', 10, 10000.00, '2015-05-05', 'Marvin 4月工资'),
(85, '1', 10, 5375.64, '2015-05-05', 'caroline 4月工资'),
(86, '1', 10, 6586.70, '2015-05-05', 'Ivy 四月工资'),
(87, '1', 10, 1500.00, '2015-05-05', 'catherine 4月工资'),
(88, '1', 10, 285.71, '2015-05-05', 'Micheal 四月工资'),
(89, '1', 10, 3000.00, '2015-05-05', 'Helen 4月工资'),
(90, '1', 10, 500.00, '2015-05-05', '梁财务 4月工资'),
(91, '2', 6, 2000.00, '2015-05-17', '给Qing的翻译费，因重复支付，此笔费用后被退回'),
(92, '2', 1, 33.00, '2015-04-28', '布置场地，打车费'),
(93, '2', 5, 271.00, '2015-04-29', '第一天晚餐'),
(94, '2', 5, 31.00, '2015-04-27', 'Helen、Ivy午餐'),
(95, '2', 5, 224.00, '2015-04-29', '第一天午餐'),
(96, '2', 5, 257.50, '2015-04-28', '第二天午餐 必胜客：241，肯德基：16.5'),
(97, '2', 5, 96.00, '2015-04-29', 'Tony第一天咖啡'),
(98, '2', 5, 60.00, '2015-04-27', 'Tony 第二天咖啡'),
(99, '2', 4, 4000.00, '2015-05-28', '两天场地费'),
(100, '2', 3, 680.00, '2015-05-06', '教材费用'),
(101, '1', 9, 621.60, '2015-05-06', '宽带费用'),
(102, '1', 9, 621.60, '2015-05-06', '另一笔宽带费用'),
(103, '2', 2, 1498.00, '2015-04-12', 'Marvin Scarlet 二人住宿费'),
(104, '2', 4, 1500.00, NULL, ''),
(106, '2', 4, 1400.00, '2015-04-13', ''),
(107, '2', 8, 70.00, '2015-04-29', '讲师的胖大海'),
(108, '2', 8, 46.00, '2015-04-29', '材料复印'),
(109, '2', 5, 243.00, '2015-04-29', '志愿者晚餐'),
(110, '2', 5, 250.00, '2015-04-29', '志愿者4.18晚餐'),
(111, '2', 1, 232.50, '2015-04-22', 'Tony、Scarlet、Helen杭州高铁票'),
(112, '2', 1, 44.00, '2015-04-22', '杭州打车费用'),
(113, '2', 5, 223.00, '2015-04-28', '打车21+25，晚餐177'),
(114, '1', 9, 100.00, '2015-05-07', '点易通话费充值13636344243'),
(115, '2', 11, 300.00, '2015-05-07', '智领 报名CEO沙龙的退费'),
(116, '1', 8, 184.50, '2015-05-07', '五本《创业维艰》'),
(117, '2', 5, 156.40, '2015-05-07', '茶歇'),
(118, '2', 2, 1778.00, '2015-04-22', 'Tony 北京住宿费用'),
(119, '2', 2, 489.00, '2015-05-07', 'Tony 杭州住宿费用'),
(120, '2', 8, 500.00, '2015-05-13', '奖杯首付款'),
(121, '2', 8, 1525.00, '2015-06-01', '奖杯尾款'),
(122, '1', 9, 2001.00, '2015-05-13', '四月百联汇通快递费'),
(123, '1', 5, 49.00, '2015-05-13', '购买茶歇'),
(124, '2', 1, 283.50, '2015-05-15', 'Helen、Michael、Scarlet宁波到上海交通费'),
(125, '1', 9, 5000.00, '2015-05-17', '转账：5月17日招行转出，5月16日支付宝到账（以第三方账号为中介）'),
(126, '1', 10, 20000.00, '2015-05-16', '3月Michelle公开课费用结算'),
(127, '1', 10, 1091.94, '2015-05-16', '3月Michelle公开课费用结算'),
(128, '1', 10, 15643.80, '2015-05-17', 'Ivy 4月提成'),
(129, '1', 10, 600.00, '2015-05-17', 'Caroline 4月提成'),
(130, '1', 10, 2512.00, '2015-05-17', 'Helen 4月提成'),
(131, '1', 10, 413.00, '2015-05-17', '郭斐 4月提成'),
(132, '1', 5, 54.00, '2015-05-18', '5月12日晚 加班餐费'),
(133, '1', 8, 129.00, '2015-05-18', 'Nicole电脑内存条'),
(134, '2', 6, 2000.00, NULL, '应该报销给斯佳的费用，斯佳单独支付过给Qing'),
(137, '1', 8, 209.00, '2015-05-19', '购买公司电磁炉'),
(138, '1', 8, 500.00, '2015-05-19', '地毯定金'),
(139, '2', 2, 588.00, '2015-05-19', 'Michelle上海公开课，提前预定住宿'),
(140, '1', 8, 20.00, '2015-05-19', '专业版优KEY手续费'),
(141, '1', 9, 7774.17, '2015-05-20', '5月社保费用'),
(142, '1', 9, 13500.00, '2015-05-20', '视频拍摄合作费用'),
(143, '2', 8, 730.00, '2015-05-20', '论坛吊牌费用'),
(144, '2', 11, 4000.00, '2015-05-27', '原来是赞助款，后担心影响评奖结果，所以退款'),
(145, '2', 11, 600.00, '2015-05-22', '退5月22日的一笔费用'),
(146, '1', 9, 140.00, '2015-05-21', '两个月电话费'),
(147, '1', 8, 20.00, '2015-05-21', '购买卫生纸'),
(148, '1', 10, 2000.00, '2015-05-21', 'Amanda参与咨询客户辅导费用'),
(149, '2', 1, 1689.00, '2015-04-22', 'Tony北京到上海机票：1192，改签差价497'),
(150, '2', 10, 11946.30, '2015-05-21', 'Tony结算费用预付部分'),
(151, '2', 4, 10000.00, '2015-05-21', '场地定金'),
(152, '2', 4, 300.00, '2015-05-22', '场地费用定金'),
(153, '2', 2, 1500.00, '2015-05-22', '嘉宾 Nick 裕景住宿费用'),
(154, '2', 9, 3000.00, '2015-05-23', '现场摄像费用'),
(155, '1', 9, 1000.00, '2015-05-23', '备用金给到Nicole，27日入账'),
(156, '1', 9, 1800.00, '2015-05-26', '地毯费用'),
(157, '1', 9, 200.00, '2015-05-26', '旧地毯垃圾费'),
(159, '1', 8, 79.00, '2015-05-27', '100个小星星，5月14日公司支付过此笔购买费用，这里是错误报销了'),
(160, '2', 2, 852.00, '2015-05-27', '错误报销给了Caroline，Caroline于5月28日退款'),
(161, '1', 9, 254.00, '2015-05-27', '无法查询到此笔支持的目标'),
(162, '2', 1, 1146.00, '2015-05-27', 'Scarlet、Marvin 上海到广州机票'),
(163, '1', 5, 32.00, '2015-05-28', '加班晚餐'),
(164, '1', 9, 40.00, '2015-05-28', '支付-点易通话费充值13917891394 支付-点易通话费充值17701697333 '),
(165, '2', 7, 1800.00, '2015-06-01', '背景架搭建'),
(166, '1', 9, 2.85, '2015-06-01', '银行手续费'),
(167, '2', 9, 1700.00, '2015-06-01', '设计费：背景板（300）、签到版（300）、台卡（300）、\r\n易拉宝（300）、胸牌（300）、奖杯刀版（200）'),
(168, '2', 3, 322.00, '2015-06-01', '教材费用'),
(169, '1', 8, 33.36, '2015-06-01', '购买《猎头局中局》'),
(170, '1', 8, 72.00, '2015-06-01', '再次购买《猎头局中局》'),
(171, '1', 5, 30.00, '2015-06-01', '食品采购'),
(172, '1', 5, 165.00, '2015-06-01', 'Karen入职聚餐'),
(173, '2', 10, 1000.00, NULL, 'Jet 的讲课费'),
(174, '2', 1, 365.00, '2015-06-09', 'Jet往返宁波的火车票'),
(175, '2', 1, 58.90, '2015-06-09', 'Jet 宁波的交通费用'),
(176, '2', 4, 1200.00, NULL, ''),
(177, '2', 10, 1196.00, NULL, 'Jet 相关费用报销'),
(178, '2', 4, 3000.00, '2015-03-18', '场地费定金'),
(179, '2', 4, 3000.00, '2015-04-06', '场地费尾款'),
(180, '2', 5, 1070.00, '2015-04-02', '第一天午餐费用'),
(181, '2', 5, 1070.00, '2015-04-06', '第二天午餐费用'),
(182, '2', 3, 156.00, '2015-04-02', '教材费用'),
(183, '2', 1, 3063.95, NULL, ''),
(184, '2', 2, 2800.00, NULL, ''),
(185, '2', 4, 750.00, '2015-03-26', '场地定金'),
(186, '2', 8, 102.10, NULL, '杂费'),
(187, '2', 1, 57.00, NULL, '打车费'),
(188, '1', 9, 3.80, '2015-04-01', '银行电子收费'),
(189, '2', 11, 932.00, '2015-04-01', '成都海仕 因排版错误 退款'),
(190, '1', 9, 1250.00, '2015-04-01', '猎头赢 文化衫尾款'),
(191, '2', 4, 1750.00, '2015-04-01', '场地尾款'),
(192, '1', 9, 1153.00, '2015-04-01', 'Ivy的报销款，找报销单拆分'),
(193, '1', 10, 16775.00, '2015-04-02', '4-6月房租'),
(194, '2', 11, 150.00, '2015-04-02', '孔佳琛'),
(195, '2', 9, 26280.00, '2015-04-02', '名录制作尾款'),
(196, '1', 10, 1264.10, '2015-04-02', 'Caroline的一笔报销，要找报销单拆分（一共2334.10中有部分猜测是1070的餐费）'),
(197, '1', 10, 15000.00, '2015-04-03', 'Scarlet 3月工资'),
(198, '1', 10, 10000.00, '2015-04-03', 'Marvin 3月工资'),
(199, '1', 10, 5447.07, '2015-04-03', 'Caroline 3月工资'),
(200, '1', 10, 6586.70, '2015-04-03', 'Ivy 3月工资'),
(201, '1', 10, 3204.21, '2015-04-03', 'Michael 3月工资'),
(202, '1', 10, 1000.00, '2015-04-03', 'Helen 3月工资补齐'),
(203, '1', 10, 500.00, '2015-04-03', '梁财务 3月工资'),
(204, '1', 10, 5000.00, '2015-04-06', '近段时间各种报销支出，要找报销单拆分'),
(205, '2', 10, 1000.00, '2015-04-07', '设计费 郭启权'),
(206, '1', 5, 65.10, '2015-04-08', '水果'),
(207, '1', 5, 47.58, '2015-04-08', '购买野菊花茶和麦片'),
(208, '1', 10, 150.00, '2015-04-09', '参加活动100 的士50'),
(209, '1', 8, 36.80, '2015-04-09', '铅笔2筒'),
(210, '1', 1, 46.50, '2015-04-10', 'Helen上海到杭州火车票，出差'),
(211, '1', 1, 77.50, '2015-04-10', 'Helen杭州返回上海车票，出差'),
(212, '1', 8, 500.00, '2015-04-10', '猎头赢易拉宝设计费'),
(213, '1', 10, 124.00, '2015-04-13', '4月10日报销过了，属于重复报销，所以划归公司支出'),
(214, '1', 10, 374.00, '2015-04-13', 'Helen上海-杭州 打的费 33+73=106，杭州-上海 打的费130，上海住宿费138'),
(215, '1', 8, 138.00, '2015-04-13', '6张《王牌特工》电影票'),
(216, '1', 9, 12.00, '2015-04-14', '废票到付快递'),
(217, '1', 2, 1370.00, '2015-05-12', '预订北京Airbnb的一个房间预付金（后在4月14日被退1369元）'),
(218, '1', 9, 4673.99, '2015-04-14', '税收'),
(219, '1', 9, 15003.50, '2015-04-14', '税收'),
(220, '2', 9, 1095.00, '2015-04-14', '名录制作费用购买发票'),
(221, '1', 5, 149.00, '2015-04-14', '电影后聚餐费用'),
(222, '1', 5, 157.00, '2015-04-14', '客户拜访请咖啡'),
(223, '1', 1, 44.00, '2015-04-14', '客户拜访打车'),
(225, '1', 11, 20000.00, '2015-04-21', '前一天因银行故障而借款，此笔为归还'),
(226, '1', 9, 6728.65, '2015-04-21', '4月社保费用'),
(227, '1', 10, 20520.10, '2015-04-21', '3月Ivy提成发放'),
(228, '1', 10, 1148.11, '2015-04-21', '3月Ivy提成补发'),
(229, '1', 10, 8413.77, '2015-04-21', '3月Michael提成'),
(230, '1', 10, 1356.64, '2015-04-21', 'Stone 去年预留的提成发放'),
(231, '1', 10, 8346.29, '2015-04-21', 'Caroline 3月提成发放'),
(232, '1', 10, 1588.90, '2015-04-21', 'Helen 3月提成发放'),
(234, '1', 10, 4936.53, '2015-04-22', '3月Jet高翔费用结算'),
(235, '1', 8, 151.60, '2015-04-23', '纸杯2筒，白板笔3盒，白板纸1筒，黑色水笔1盒'),
(236, '2', 3, 239.00, '2015-04-23', '教材费用'),
(237, '2', 2, 1074.00, '2015-04-29', 'Nicole、Helen北京出差住宿费用的第二部分'),
(238, '2', 2, 670.00, '2015-04-12', 'Nicole、Helen北京住宿前两天费用'),
(239, '1', 2, 700.00, '2015-04-12', '本来是用作北京的住宿费用的支出1370中的退费部分，退到4月29日'),
(240, '1', 9, 500.00, '2015-04-12', '猎头赢易拉宝设计费'),
(241, '1', 10, 15000.00, '2015-04-24', '用户购汇（英镑）的支出'),
(242, '1', 10, 50000.00, '2015-04-24', '用于购汇（英镑）的支出'),
(243, '1', 5, 327.50, '2015-04-27', '错误报销（已在4月19日支出过），因支持本来就是先走的公司账户'),
(244, '1', 10, 3743.50, '2015-04-28', 'caroline报销，无须报销后被退回'),
(245, '1', 9, 1076.00, '2015-04-28', '3月快递费'),
(246, '1', 9, 15062.00, '2015-04-28', '5-6月房租支付'),
(247, '2', 5, 67.00, '2015-04-28', '两天公开课的茶歇'),
(249, '2', 5, 54.10, '2015-04-29', '第一天的茶歇'),
(250, '2', 5, 460.00, '2015-04-29', '午餐真功夫的现金部分'),
(252, '1', 8, 43.90, '2015-04-29', '北京杂费支出'),
(253, '1', 9, 2800.00, '2015-04-29', '腾讯企业邮箱采购费用支出 上海回声网络'),
(254, '1', 10, 2142.86, '2015-04-29', 'Nicole 4月工资预支'),
(255, '1', 8, 45.00, '2015-04-30', '淘宝购物-正版包邮 全套5册 微信这么玩才赚钱+营销与运营解密+攻略书籍'),
(256, '1', 9, 25.00, '2015-04-30', '火车票'),
(257, '2', 10, 2449.00, NULL, 'Michelle的费用报销，3096港币，详细请见附件'),
(258, '2', 10, 2449.00, '2015-06-26', 'Michelle的费用报销，3096港币，详细请见附件'),
(259, '1', 10, 18457.10, '2015-06-26', 'Michelle 公开课费用结算'),
(260, '2', 4, 1300.00, NULL, ''),
(261, '2', 2, 776.00, NULL, 'Marvin Scarlet 广州两天住宿'),
(262, '1', 10, 7000.00, '2015-06-26', 'Linda 老师讲课费'),
(264, '2', 11, 200.00, '2015-06-11', '退费 钜安伯乐 200'),
(265, '2', 4, 1900.00, NULL, ''),
(267, '2', 1, 1585.17, '2015-06-04', 'Scarlet、Marvin广州到上海飞机票'),
(268, '1', 8, 94.00, '2015-06-04', '三付耳麦'),
(270, '1', 10, 15000.00, '2015-06-05', 'Scarlet 5月工资'),
(271, '1', 10, 10000.00, '2015-06-05', 'Marvin 5月工资'),
(272, '1', 10, 5466.30, '2015-06-05', 'Caroline 5月工资'),
(273, '1', 10, 6496.30, '2015-06-05', 'Ivy 5月工资'),
(274, '1', 10, 1500.00, '2015-06-05', 'Catherine 5月工资'),
(275, '1', 10, 4000.00, '2015-06-05', 'Michael 5月工资'),
(276, '1', 10, 2475.00, '2015-06-05', 'Helen 5月工资'),
(277, '1', 10, 3000.00, '2015-06-05', 'Nicole 5月工资'),
(278, '1', 10, 2250.00, '2015-06-05', 'Lynn 5月工资'),
(279, '1', 10, 500.00, '2015-06-05', '梁亮 5月工资'),
(280, '1', 8, 142.00, '2015-06-05', '购买两套猎头局中局'),
(281, '2', 2, 258.00, '2015-06-09', '上次培训的时候，Jet报销的一个住宿款'),
(282, '2', 1, 88.00, '2015-06-09', 'Jet在制造业论坛打车费用'),
(283, '1', 9, 300.00, '2015-06-09', '某微信公众号的年度服务费'),
(284, '1', 10, 10042.10, '2015-06-09', '购汇英镑给Tony'),
(285, '1', 9, 2607.00, '2015-06-16', '2015年4-6月物业费'),
(286, '1', 9, 1776.20, '2015-06-16', '2015年3-5月水电费'),
(287, '1', 9, 100.00, '2015-06-16', '公司修锁'),
(288, '2', 1, 2622.00, '2015-06-16', 'Michael、Ivy北京出差动车费'),
(289, '2', 1, 847.00, '2015-06-16', 'Linda 北京到上海机票'),
(290, '2', 5, 62.50, '2015-06-16', 'Michael、Ivy、Linda午餐'),
(291, '2', 2, 228.00, '2015-06-16', 'Michael 北京住宿一晚'),
(292, '2', 2, 43.00, '2015-06-16', '北京南站到毕节酒店交通费'),
(293, '1', 8, 258.00, '2015-06-16', '两个笔记本内存条'),
(294, '2', 1, 880.00, '2015-06-16', '广州到上海机票'),
(295, '2', 1, 210.00, '2015-06-16', '上海机场到新场打车费'),
(296, '2', 2, 776.00, '2015-06-16', '广州住宿费'),
(297, '2', 5, 46.00, '2015-06-16', '讲师31元午餐+15元水果'),
(298, '2', 10, 296.00, '2015-06-17', '活动分享嘉宾礼品'),
(299, '2', 3, 370.00, '2015-06-17', '公开课教材'),
(300, '2', 4, 1500.00, '2015-06-17', ''),
(301, '2', 4, 2500.00, '2015-06-17', ''),
(302, '2', 2, 736.00, '2015-06-17', 'Linda 两天住宿费'),
(303, '2', 5, 131.60, '2015-06-17', '两天的矿泉水'),
(304, '2', 5, 270.10, '2015-06-17', '两天的茶歇'),
(305, '2', 8, 25.00, '2015-06-17', '白板纸'),
(306, '1', 10, 772.00, '2015-06-17', 'Linda的报销款，后Ivy退回'),
(307, '1', 10, 15239.14, '2015-06-23', '购汇后给到Tony的费用'),
(308, '1', 10, 200.00, '2015-06-23', '给Tony汇款的国际结算费用'),
(309, '1', 8, 710.00, '2015-06-24', '玻璃白板660+50送货安装费'),
(310, '1', 8, 170.00, '2015-06-24', '玻璃白板更换尺寸差价'),
(311, '1', 10, 11022.33, '2015-06-24', '社保费用支出'),
(312, '1', 10, 554.08, '2015-06-24', 'Michael 5月提成'),
(313, '1', 10, 3977.49, '2015-06-24', 'Ivy 5月提成'),
(314, '1', 10, 1549.62, '2015-06-24', 'Caroline 5月提成'),
(315, '1', 10, 694.92, '2015-06-24', 'Helen 5月提成'),
(316, '1', 10, 200.00, '2015-06-24', 'Lynn 5月提成'),
(317, '1', 5, 227.90, '2015-06-26', '咖啡171+饼干29.4+搅拌勺27.5 '),
(319, '1', 9, 15062.00, '2015-06-26', '7-8月房租'),
(320, '1', 9, 40.00, '2015-06-26', 'Helen的名片制作费'),
(321, '1', 9, 50.00, '2015-06-26', 'Scarlet的名片制作费'),
(322, '1', 7, 800.00, '2015-06-26', '猎头赢的易拉宝4个'),
(323, '1', 9, 50.00, '2015-06-26', 'Helen的名片'),
(324, '2', 9, 1780.00, '2015-06-26', '背景喷绘、签到喷绘、展架制作和重做费用'),
(325, '2', 9, 350.00, '2015-06-26', '500张彩页'),
(326, '2', 9, 300.00, '2015-06-26', '350个不干胶'),
(327, '2', 9, 280.00, '2015-06-26', '450张胸卡'),
(328, '2', 9, 800.00, '2015-06-26', '4套易拉宝'),
(329, '2', 9, 200.00, '2015-06-26', '台卡制作和重做'),
(330, '1', 9, 550.00, '2015-06-26', '1000个信封'),
(331, '1', 8, 96.00, '2015-06-26', '96支铅笔'),
(332, '1', 8, 34.50, '2015-06-26', '50个小胸卡'),
(333, '1', 9, 50.00, '2015-06-27', '点易通电话费充值'),
(334, '2', 11, 300.00, '2015-07-07', '常熟通和 退费'),
(336, '2', 11, 200.00, '2015-06-30', '职信职美 报名爱招聘，因为是HR的活动所以退费'),
(337, '1', 9, 90.70, '2015-06-30', '电话费'),
(338, '1', 8, 55.54, '2015-07-01', '购买mindfulness相关的书籍'),
(339, '1', 8, 54.00, '2015-07-01', '买mindfulness相关的书'),
(340, '2', 1, 158.00, '2015-07-01', 'Scarlet、Amanda来回苏州的火车票'),
(341, '1', 9, 7.80, '2015-07-01', '银行交易收费'),
(342, '1', 8, 38.00, '2015-07-02', '黄芪'),
(343, '1', 9, 10.00, '2015-07-02', 'Helen电话费'),
(344, '1', 9, 270.00, '2015-07-03', 'Dyson报名PHPCON的费用'),
(345, '1', 8, 71.00, '2015-07-03', '公司图书购买'),
(346, '2', 1, 158.00, '2015-07-04', 'Amanda，Helen上海苏州来回火车票'),
(347, '1', 10, 1000.00, '2015-07-04', 'Helen 工资款预付'),
(348, '1', 10, 5016.21, '2015-07-05', '6月工资 caroline'),
(349, '1', 10, 6541.50, '2015-07-05', 'Ivy 6月工资'),
(350, '1', 10, 1500.00, '2015-07-05', 'Catherine 6月工资'),
(351, '1', 10, 4000.00, '2015-07-05', 'Michael 6月工资'),
(352, '1', 10, 2000.00, '2015-07-05', 'Helen 6月工资尾款'),
(353, '1', 10, 1416.15, '2015-07-05', 'Nicole 6月工资'),
(354, '1', 10, 2500.00, '2015-07-05', 'Lynn 6月工资'),
(355, '1', 10, 500.00, '2015-07-05', '梁亮 6月工资'),
(356, '1', 10, 12.50, '2015-07-06', 'Marvin 到嘉兴火车票'),
(357, '1', 8, 86.40, '2015-07-06', '采购明信片'),
(358, '1', 9, 296.00, '2015-07-07', 'Lynn的生日蛋糕'),
(359, '1', 9, 299.00, '2015-07-07', '猎头赢志愿者溜冰会员卡'),
(360, '2', 1, 1695.00, '2015-07-07', 'Marvin、Scarlet上海到北京火车票'),
(361, '2', 1, 218.00, '2015-07-07', 'Marvin、Scarlet北京天津来回火车票'),
(362, '2', 1, 1551.00, '2015-07-07', 'Scarlet、Marvin北京到上海机票'),
(363, '2', 1, 775.50, '2015-07-07', 'Tony北京到上海机票'),
(364, '2', 1, 775.50, '2015-07-07', 'Amanda北京到上海机票费'),
(365, '2', 4, 1200.00, '2015-07-07', 'Leader沙龙场地费'),
(366, '2', 4, 2000.00, '2015-07-07', 'Linda公开课场地费'),
(367, '2', 1, 25.00, '2015-07-07', '打车费'),
(368, '2', 1, 25.00, '2015-07-07', '打车费'),
(369, '2', 3, 100.00, '2015-07-07', '教材费'),
(370, '1', 9, 122.00, '2015-07-07', '联洋董鑫午餐报销'),
(371, '2', 1, 54.00, '2015-07-07', ''),
(372, '2', 3, 72.00, '2015-07-07', ''),
(373, '2', 5, 74.00, '2015-07-07', '茶歇'),
(374, '2', 2, 2400.00, '2015-07-07', 'Tony上海前三天房费'),
(376, '1', 10, 5434.78, '2015-07-07', 'Karen 6月工资'),
(377, '1', 5, 10.00, '2015-07-08', ''),
(378, '2', 4, 2000.00, '2015-07-09', ''),
(379, '2', 4, 500.00, '2015-07-10', '场地费'),
(380, '2', 5, 188.00, '2015-07-11', '宴请北京猎头赢志愿者'),
(381, '2', 9, 257.00, '2015-07-21', 'Linda老师最近费用报销'),
(382, '2', 1, 91.00, '2015-07-18', 'Amanda报销打车费用'),
(383, '2', 1, 748.00, '2015-07-21', 'Linda老师上海到北京南高铁票'),
(384, '2', 1, 24.00, '2015-07-21', 'Linda老师北京打车费'),
(385, '1', 9, 13509.55, '2015-07-13', '税'),
(386, '2', 8, 75.00, '2015-07-16', '购买50瓶水'),
(387, '2', 9, 330.00, '2015-07-16', 'Logo设计'),
(388, '2', 9, 160.00, '2015-07-16', '易拉宝制作费'),
(389, '2', 2, 800.00, '2015-07-16', 'Tony 第四天住宿费'),
(390, '1', 11, 300.00, '2015-07-16', '徐笑岩 CEO沙龙 Tony缺席所以退费'),
(391, '1', 1, 52.00, '2015-07-16', 'CEO沙龙（后因故取消）'),
(392, '1', 4, 1200.00, '2015-07-16', 'CEO沙龙场地费，后因故取消'),
(393, '2', 5, 316.00, '2015-07-16', '茶歇'),
(394, '1', 8, 25.00, '2015-07-16', '白板纸'),
(395, '1', 8, 51.00, '2015-07-16', '翻页笔'),
(396, '2', 3, 228.00, '2015-07-16', '教材费'),
(397, '2', 5, 355.00, '2015-07-16', '午餐'),
(398, '1', 1, 77.00, '2015-07-16', '斯佳妈妈打车去医院费用'),
(399, '2', 2, 1806.00, '2015-07-16', 'Tony北京住宿费'),
(400, '1', 8, 399.00, '2015-07-16', '翻页笔'),
(401, '2', 8, 550.00, '2015-07-16', '不干胶贴纸'),
(402, '2', 8, 360.00, '2015-07-16', '猎头赢 旗帜'),
(403, '2', 2, 4000.00, '2015-07-17', 'Tony的最后五天房费'),
(404, '1', 11, 300.00, '2015-07-17', '职缘人力 CEO沙龙退费'),
(405, '1', 11, 100.00, '2015-07-17', '举贤猎头 CEO沙龙退费首付'),
(406, '1', 11, 200.00, '2015-08-10', '举贤猎头 CEO沙龙退费 尾款'),
(407, '1', 9, 621.60, '2015-07-18', '宽带费'),
(408, '1', 9, 621.60, '2015-07-18', '宽带费'),
(409, '1', 9, 274.00, '2015-07-18', '图书购买'),
(410, '1', 10, 4000.00, '2015-07-19', '给 Tony 4000 现金'),
(411, '1', 10, 6000.00, '2015-07-19', '给Tony 6000 现金'),
(412, '1', 9, 21014.63, '2015-07-20', '7月社保支出'),
(413, '2', 4, 1000.00, '2015-08-03', '场地费用首付（用的是现场收到的现金）'),
(414, '2', 4, 200.00, '2015-07-20', '场地费尾款'),
(415, '2', 5, 56.00, '2015-07-20', '志愿者午餐'),
(416, '2', 1, 25.00, '2015-07-20', '打车费'),
(417, '2', 3, 336.00, '2015-07-20', ''),
(418, '2', 1, 82.00, '2015-07-20', '打车费'),
(419, '2', 8, 12.00, '2015-07-20', '扩音器电池'),
(420, '2', 8, 19.60, '2015-07-20', '咖啡+金嗓子'),
(421, '1', 10, 24268.50, '2015-07-21', '购买英镑'),
(422, '1', 11, 3380.00, '2015-07-21', '《合伙人制度》因Tony母亲原因取消退款，有200作为猎头赢的费用未退'),
(423, '1', 11, 300.00, '2015-07-21', 'CEO沙龙因取消而退费'),
(424, '1', 9, 7000.00, '2015-07-22', 'Linda讲师费用 （6月28日）'),
(426, '1', 9, 7000.00, '2015-07-22', '7月4日 Linda讲课费'),
(427, '1', 9, 150.00, '2015-07-23', 'Marvin、Ivy夫妇参加Karen组织的培训'),
(428, '2', 9, 5000.00, '2015-07-28', '董鑫 课程合作费用'),
(429, '1', 10, 726.00, '2015-07-25', 'Michael 6月提成支出'),
(430, '1', 10, 1594.00, '2015-07-25', '6月 Ivy 提成支出'),
(431, '1', 10, 156.03, '2015-07-25', '6月 Helen提成支出'),
(432, '1', 10, 265.80, '2015-07-25', 'Lynn 6月提成支出'),
(433, '1', 9, 1000.00, '2015-07-28', '实习生 劝退补贴（面试未通过）'),
(434, '1', 11, 3580.00, '2015-07-28', '晓庄人力 合伙人制度 退费'),
(435, '1', 10, 1500.00, '2015-07-28', 'Catherine 7月工资 提前发'),
(436, '1', 10, 1000.00, '2015-07-31', 'Helen 7月工资预付'),
(437, '1', 10, 2000.00, '2015-08-02', ''),
(438, '1', 11, 300.00, '2015-08-03', '广贤 CEO沙龙退费款'),
(439, '1', 9, 5.70, '2015-08-03', '银行电子收费'),
(440, '2', 3, 595.00, '2015-08-04', ''),
(441, '2', 1, 2264.00, '2015-08-04', 'Marvin、Scarlet、Ivy、Lynn四人上海到深圳机票'),
(442, '1', 9, 419.00, '2015-08-04', '客户拜访喝茶+打车（雅杰）'),
(443, '1', 5, 160.00, '2015-08-05', '中午定了烤鱼'),
(444, '2', 9, 855.00, '2015-08-05', '宣传设计费'),
(445, '1', 11, 300.00, '2015-08-05', 'CEO沙龙取消的退费'),
(446, '1', 11, 300.00, '2015-08-05', 'CEO沙龙取消的退费'),
(447, '2', 9, 1469.00, '2015-08-05', 'Linda费用报销（两天住宿、单程高铁、来回出租）'),
(448, '1', 8, 120.00, '2015-08-05', '手机支架'),
(449, '2', 9, 30.00, '2015-08-05', '会鸽短信购买300条'),
(450, '1', 9, 90.00, '2015-08-05', '和斯佳一起打车费20，买桃子'),
(451, '1', 10, 8000.00, '2015-08-05', 'Linda老师讲课费，7月28日7000元，齐家1000元'),
(452, '1', 10, 5016.21, '2015-08-06', 'caroline 7月工资'),
(453, '1', 10, 6541.50, '2015-08-06', 'Ivy 七月工资'),
(454, '1', 10, 2079.20, '2015-08-06', 'Michael 七月工资'),
(455, '1', 10, 3000.00, '2015-08-06', 'helen 7月工资尾款'),
(456, '1', 10, 1100.00, '2015-08-06', 'lynn 7月工资尾款'),
(457, '1', 10, 3500.00, '2015-08-06', 'dyson 7月工资'),
(458, '1', 10, 500.00, '2015-08-06', '梁老师 7月工资'),
(459, '1', 10, 10507.60, '2015-08-06', '三马 七月工资'),
(460, '1', 10, 15000.00, '2015-08-06', '斯佳七月工资'),
(461, '1', 9, 10033.23, '2015-08-06', '购买英镑，Tony Teresa 25000合约中的 首付款'),
(462, '2', 8, 286.00, '2015-08-07', '爱招聘 嘉宾礼物'),
(463, '1', 8, 35.00, '2015-08-07', '公司做饭用插板'),
(464, '1', 5, 34.00, '2015-08-07', '嘉宾饮料'),
(465, '1', 1, 82.00, '2015-08-07', '齐家网Linda打车费（Uber）'),
(466, '2', 1, 11098.35, NULL, 'Tony 国际机票的第二部分'),
(467, '2', 4, 18000.00, '2015-08-11', '场地费支出'),
(468, '2', 9, 1000.00, '2015-06-04', 'Amanda讲课费'),
(469, '2', 9, 500.00, '2015-09-29', 'Amanda讲课费'),
(470, '2', 9, 1000.00, '2015-06-04', 'Amanda 讲课费'),
(471, '2', 9, 1000.00, '2015-06-04', 'Amanda讲课费'),
(472, '2', 6, 4000.00, '2015-06-04', 'Amanda翻译费用'),
(473, '2', 6, 3000.00, '2015-06-04', 'Amanda翻译费用'),
(474, '2', 1, 53.00, '2015-08-21', ''),
(475, '2', 1, 57.00, '2015-08-21', 'Amanda 北京行打车费用'),
(476, '2', 1, 118.00, '2015-08-21', 'Amanda 打车费用'),
(477, '2', 1, 63.00, '2015-08-21', 'Amanda 打车费用'),
(478, '2', 4, 1100.00, '2015-08-21', ''),
(480, '2', 11, 500.00, '2015-09-06', '一人CEO沙龙退费'),
(481, '2', 9, 400.00, '2015-08-19', '背景板设计费'),
(482, '2', 9, 400.00, '2015-08-19', '胸牌设计和印刷费用'),
(483, '2', 9, 1520.00, '2015-08-15', '猪八戒网 300本会刊打印费用'),
(484, '2', 8, 755.00, '2015-08-14', '手提袋'),
(485, '2', 9, 2000.00, '2015-08-22', '背景板费用'),
(486, '2', 8, 430.50, '2015-08-21', '嘉宾书籍购买'),
(487, '2', 9, 541.00, '2015-08-21', '葡萄微信上墙晚餐费'),
(488, '2', 8, 200.00, '2015-08-25', '租借小礼服'),
(489, '2', 1, 14.00, '2015-08-25', 'Helen打车去场地的费用'),
(490, '2', 8, 160.00, '2015-08-25', '20个桌牌'),
(491, '2', 1, 15.00, '2015-08-25', 'Helen22号晚上打车'),
(492, '2', 1, 150.00, '2015-08-25', '23号会场结束后打车回家'),
(493, '2', 8, 230.00, '2015-08-25', '会场鲜花、讲台花'),
(494, '2', 5, 911.00, '2015-08-25', '21日和猎头老板吃饭（斯佳、Lynn）'),
(495, '2', 5, 154.00, '2015-08-25', '23日志愿者午间茶'),
(496, '2', 5, 673.00, '2015-08-27', '22日晚客户聚餐'),
(497, '2', 9, 200.00, '2015-08-25', 'Dyson取快递来回路费'),
(498, '2', 9, 83.00, '2015-08-25', 'Dyson取快递费'),
(499, '2', 2, 45.00, '2015-08-25', 'Dyson22日晚Uber车费'),
(500, '2', 1, 150.00, '2015-08-25', 'Dyson23日回家车费'),
(501, '2', 5, 2136.00, '2015-08-31', '论坛当天嘉宾午餐费用'),
(502, '2', 2, 36.00, '2015-08-31', 'Michael论坛当天搬运东西回公司'),
(503, '2', 1, 33.00, '2015-08-31', 'Michael 论坛当天公司到96广场'),
(504, '2', 1, 35.00, '2015-08-31', '论坛当天96广场到家'),
(505, '1', 9, 20000.00, '2015-08-14', '归还 Scarlet 20000 的欠款'),
(506, '1', 9, 1198.50, '2015-08-15', '阿里云一年费用'),
(507, '1', 9, 635.00, '2015-08-19', '5-6月快递费'),
(508, '1', 9, 4933.08, '2015-08-20', '购汇'),
(509, '1', 10, 265.80, '2015-08-21', 'Lynn 7月提成'),
(510, '1', 10, 1638.66, '2015-08-21', 'Helen 7月提成'),
(511, '1', 10, 322.07, '2015-08-21', 'Michael 7月提成'),
(512, '1', 10, 12239.13, '2015-08-21', 'Ivy 7月提成'),
(513, '2', 9, 235.40, '2015-08-21', '感谢卡+会鸽短信+员工工裙'),
(514, '2', 5, 40.00, '2015-08-21', 'Lynn 8月12日出差早餐'),
(515, '2', 5, 110.00, '2015-08-21', '8月13-17早餐+公交'),
(516, '1', 9, 80.00, '2015-08-21', '中国联通话费'),
(517, '2', 5, 170.00, '2015-08-21', '买水'),
(518, '1', 9, 13420.79, '2015-08-25', '8月社保费用支出'),
(519, '2', 1, 1204.00, '2015-08-27', '深圳到上海机票费用报销'),
(520, '2', 4, 1200.00, '2015-08-27', '场地费'),
(521, '2', 5, 85.00, '2015-08-27', '茶歇+车费'),
(522, '2', 3, 220.00, '2015-08-27', '内训教材'),
(523, '2', 8, 64.00, '2015-08-27', '笔记本转接头'),
(524, '2', 8, 880.00, '2015-08-27', 'Ivy 深圳所有出差费用报销'),
(525, '1', 10, 1500.00, '2015-08-28', 'Catherine 8月工资提前预支'),
(526, '1', 10, 10000.00, '2015-08-28', 'Marvin 7月工资补发'),
(527, '2', 9, 170.00, '2015-08-31', '深圳猎头赢 直接报销给Ivy'),
(528, '2', 11, 480.00, '2015-08-31', '互联网论坛客户退款（报销给Helen）'),
(529, '2', 11, 380.00, '2015-08-31', '苏州智领 互联网论坛退款'),
(530, '1', 9, 15062.00, '2015-08-31', '9-10月房租费用'),
(531, '2', 5, 1213.00, '2015-08-23', '活动当天结束以后志愿者全体晚餐'),
(532, '1', 9, 4.75, '2015-09-01', '银行服务费'),
(533, '1', 9, 198.79, '2015-09-02', '联通电话费'),
(534, '1', 8, 14.80, '2015-09-03', '公司物品采购'),
(535, '1', 10, 5016.21, '2015-09-05', 'Caroline 8月工资'),
(537, '1', 10, 6541.50, '2015-09-05', 'Ivy 8月工资'),
(538, '1', 10, 3992.40, '2015-09-05', 'Michael 8月工资'),
(540, '1', 10, 4000.00, '2015-09-05', 'Helen 8月工资'),
(541, '1', 10, 3047.62, '2015-09-05', 'Lynn 8月工资'),
(542, '1', 10, 3500.00, '2015-09-05', 'Dyson 8月支出'),
(544, '1', 10, 500.00, '2015-09-05', '梁亮 8月工资'),
(545, '1', 10, 10000.00, '2015-09-05', 'Marvin 8月工资'),
(546, '2', 9, 3000.00, '2015-09-10', '媒体合作费用'),
(547, '2', 1, 118.50, '2015-09-09', '斯佳、Amanda、Shawn三人火车票'),
(548, '2', 2, 1166.00, '2015-09-10', '汉庭酒店住宿费'),
(549, '2', 1, 32.00, '2015-09-10', 'Michael 报销打车费'),
(550, '2', 1, 119.00, '2015-09-10', '活动结束后打车'),
(551, '1', 5, 245.30, '2015-09-10', '公司食品采购'),
(552, '2', 9, 90.00, '2015-09-10', '采访Gllue的咖啡和路费'),
(553, '1', 9, 111.00, '2015-09-10', '易企秀一年的企业会员+快递费'),
(554, '1', 5, 80.00, '2015-09-10', '公司午餐支出'),
(555, '1', 5, 113.50, '2015-09-13', '13号晚上加班晚餐'),
(556, '1', 9, 158.00, '2015-09-13', '58同城简历25份套餐'),
(557, '1', 9, 1265.50, '2015-09-14', '两个月的宽带费用'),
(558, '1', 9, 660.00, '2015-09-16', '教练大会门票费'),
(559, '1', 8, 445.00, '2015-09-20', '报销小米手环费用'),
(560, '2', 11, 288.00, NULL, '青岛原子 一笔退款'),
(562, '2', 11, 300.00, '2015-09-20', '何柳（自由职业者）'),
(563, '1', 9, 101.00, '2015-09-21', '午餐费用'),
(564, '2', 11, 288.00, '2015-09-21', '青岛原子一人退费'),
(565, '2', 9, 150.00, '2015-09-21', '采访Eliza后的听音打字兼职费用'),
(566, '2', 9, 200.00, '2015-09-21', '1P的设计费用（Helen报销）'),
(567, '2', 11, 216.00, '2015-09-21', '青岛原子一人退费'),
(568, '1', 9, 28.00, '2015-09-21', '公司水果'),
(569, '2', 9, 60.00, '2015-09-21', '见51job的市场人员，饮料费用'),
(570, '2', 9, 119.00, '2015-09-21', '项目结束后Helen打车回家费用报销'),
(571, '1', 9, 244.00, '2015-09-21', 'Michael报销 和联洋HR Mary吃午饭'),
(572, '1', 9, 14.80, '2015-09-22', '全家购物'),
(573, '2', 9, 10000.00, '2015-09-22', '场地定金'),
(574, '1', 9, 97.00, '2015-09-24', '午餐费用'),
(575, '2', 9, 832.00, '2015-09-24', '柳哥报销相关费用'),
(576, '1', 10, 4822.28, '2015-09-25', 'Ivy 8月提成'),
(577, '1', 10, 5288.54, '2015-09-25', 'Michael 8月提成'),
(578, '1', 10, 7435.13, '2015-09-25', 'Helen 8月提成'),
(580, '1', 10, 2892.68, '2015-09-25', 'Lynn 8月支出'),
(581, '1', 10, 1493.27, '2015-09-25', 'Dyson 8月提成'),
(582, '1', 9, 173.00, '2015-09-28', '和小胡见面茶歇费用'),
(583, '1', 9, 177.00, '2015-09-28', '中午和黄老师夫人吃饭（博唐分享）'),
(584, '1', 9, 18.00, '2015-09-28', '博唐打车回公司'),
(585, '2', 9, 153.00, '2015-09-28', '课程结束后打车回家'),
(586, '1', 9, 58.00, '2015-09-28', '参加教练大会的交通和早餐费用'),
(587, '2', 9, 83.00, '2015-09-28', 'Amanda 报销交通费用'),
(588, '2', 9, 69.00, '2015-09-28', 'Amanda报销打车费用'),
(589, '1', 9, 37.00, '2015-09-28', 'Amanda 报销见客户支出'),
(590, '1', 9, 13420.79, '2015-09-28', '9月社保费用'),
(591, '2', 1, 7535.71, '2015-09-28', '购汇支付Tony的交通费用'),
(592, '2', 4, 1500.00, '2015-09-29', '场地费'),
(593, '2', 1, 75.50, '2015-09-29', 'Amanda 报销见客户费用'),
(594, '1', 5, 20.00, '2015-09-29', '订餐费用'),
(595, '2', 6, 1000.00, '2015-09-29', 'Amanda 翻译费用支出'),
(596, '2', 10, 1000.00, '2015-09-29', 'Amanda 讲课费用支出'),
(597, '1', 10, 1000.00, '2015-09-29', 'Amanda 昊乐辅导的费用'),
(598, '1', 10, 7000.00, '2015-09-29', 'Amanda 汇智全球 讲课费用支出'),
(599, '1', 9, 2644.11, '2015-09-29', 'Shawn 赛力佳 合作费用支出'),
(600, '1', 9, 1.90, '2015-10-08', '银行手续费'),
(601, '1', 9, 5016.21, '2015-10-08', 'Caroline 9月工资'),
(602, '1', 10, 2874.83, '2015-10-08', 'Ivy 9月工资'),
(603, '1', 10, 1500.00, '2015-10-08', 'Catherine 9月工资'),
(604, '1', 10, 3992.40, '2015-10-08', 'Michael 9月工资'),
(605, '1', 10, 4000.00, '2015-10-08', 'Helen 9月工资'),
(606, '1', 10, 3500.00, '2015-10-08', 'Dyson 9月工资'),
(607, '1', 10, 500.00, '2015-10-08', '梁亮 9月工资'),
(608, '2', 3, 621.00, '2015-10-08', '45本课程'),
(609, '2', 9, 200.00, '2015-10-08', '购汇产生的国际结算费用'),
(610, '1', 9, 16200.00, '2015-10-08', '房租费用'),
(611, '1', 9, 640.00, '2015-10-09', '猎头聚会KTV包厢+食品费用'),
(612, '1', 9, 93.00, '2015-10-09', 'KTV小聚 中餐费用'),
(613, '2', 11, 288.00, '2015-10-12', '多支付的费用退回'),
(614, '2', 9, 502.00, '2015-10-12', '教材的快递费'),
(615, '1', 9, 2250.00, '2015-10-12', '公司宣传册的设计费'),
(616, '1', 9, 500.00, '2015-10-12', '斯佳手机电话费'),
(617, '2', 1, 157.00, '2015-10-12', 'Helen、Dyson10月11日课后打车费用'),
(618, '1', 9, 300.00, '2015-10-12', '猎头CEO微信公众号认证'),
(619, '1', 5, 104.00, '2015-10-12', '10月9日中午丫米厨房午餐'),
(620, '2', 1, 26.80, '2015-10-12', '10月11日课程结束后打车费用'),
(621, '2', 1, 79.90, '2015-10-12', '10月9日取教材来回Uber打车费用'),
(622, '1', 5, 188.00, '2015-10-11', 'Helen的生日蛋糕'),
(623, '1', 5, 107.00, '2015-10-13', '午餐费用'),
(624, '2', 8, 584.50, '2015-10-13', '金融论坛图书采购'),
(625, '1', 8, 6000.00, '2015-10-15', '近段时间的现金支出'),
(626, '1', 9, 29941.67, '2015-10-16', '10月份社保支出'),
(627, '2', 8, 51.00, '2015-10-16', '讲师感谢信贺卡'),
(628, '1', 5, 89.00, '2015-10-16', '午餐'),
(629, '1', 1, 65.00, '2015-10-16', '15日晚上加班打车'),
(630, '1', 8, 131.00, '2015-10-18', '公司买了些咖啡豆'),
(631, '2', 8, 430.50, '2015-10-19', '奖品书籍采购'),
(632, '1', 5, 69.00, '2015-10-20', '午餐费用'),
(633, '1', 2, 10.00, '2015-10-20', '滴滴打车费用'),
(634, '1', 10, 1237.76, '2015-10-21', 'Michael 9月提成'),
(635, '1', 10, 2577.86, '2015-10-21', 'Helen 9月提成'),
(636, '1', 10, 584.21, '2015-10-21', 'Dyson 9月提成'),
(637, '1', 5, 74.00, '2015-10-21', '午餐费用'),
(638, '1', 1, 52.00, '2015-10-21', '滴滴打车费用'),
(639, '1', 5, 91.00, '2015-10-22', '午餐费用'),
(640, '1', 1, 14.00, '2015-10-22', '滴滴打车费用'),
(641, '1', 9, 1242.00, '2015-10-22', '200本名录上海到深圳快递费用'),
(642, '1', 9, 93.00, '2015-10-22', '上海到杭州火车票'),
(643, '1', 9, 146.00, '2015-10-22', '杭州到上海火车票'),
(644, '1', 1, 15.00, '2015-10-22', '杭州国际酒店到杭州东打车费用'),
(645, '2', 1, 27.00, '2015-10-22', 'MPC系列3后打车回家'),
(646, '2', 1, 26.00, '2015-10-22', 'MPC系列4课程后打车回家'),
(647, '1', 8, 13.00, '2015-10-22', '带100本名录回家'),
(648, '1', 1, 79.00, '2015-10-22', '带100本名录从家到虹桥站'),
(649, '2', 9, 1000.00, '2015-10-22', '设计费'),
(650, '1', 5, 20.00, '2015-10-22', '中午午餐'),
(651, '2', 1, 62.00, '2015-10-22', 'MPC课程后打车回家'),
(652, '1', 9, 70.00, '2015-10-22', '公司电话费'),
(653, '2', 5, 296.00, '2015-10-22', 'MPC课程时候的晚餐（KFC）'),
(654, '1', 5, 97.00, '2015-10-26', '午餐费用支出'),
(655, '1', 9, 12960.79, '2015-10-27', '缴纳季度企业税收'),
(656, '1', 5, 100.80, '2015-10-28', '公司食品采购'),
(657, '1', 5, 74.00, '2015-10-29', '午餐费用'),
(658, '1', 1, 97.00, '2015-10-29', '打车费用');

-- --------------------------------------------------------

--
-- Table structure for table `pay_project`
--

CREATE TABLE IF NOT EXISTS `pay_project` (
`id` int(10) NOT NULL,
  `pay_id` int(10) NOT NULL,
  `project_id` int(10) NOT NULL
) ENGINE=InnoDB AUTO_INCREMENT=741 DEFAULT CHARSET=utf8;

--
-- Dumping data for table `pay_project`
--

INSERT INTO `pay_project` (`id`, `pay_id`, `project_id`) VALUES
(80, 16, 5),
(81, 16, 7),
(82, 16, 12),
(83, 16, 13),
(88, 18, 5),
(89, 18, 7),
(90, 18, 12),
(91, 18, 13),
(190, 82, 41),
(200, 100, 7),
(205, 104, 12),
(223, 115, 24),
(224, 117, 24),
(225, 67, 5),
(226, 67, 6),
(227, 67, 7),
(228, 67, 8),
(229, 67, 9),
(230, 67, 10),
(243, 119, 5),
(244, 119, 6),
(245, 119, 7),
(246, 119, 8),
(247, 119, 9),
(248, 119, 10),
(249, 28, 24),
(250, 30, 24),
(251, 29, 24),
(253, 27, 24),
(262, 45, 27),
(263, 120, 27),
(264, 121, 27),
(265, 51, 28),
(269, 39, 25),
(270, 39, 26),
(271, 41, 25),
(272, 41, 26),
(273, 40, 25),
(274, 40, 26),
(277, 38, 25),
(278, 38, 26),
(280, 91, 6),
(283, 139, 29),
(285, 134, 6),
(286, 143, 27),
(287, 144, 27),
(288, 145, 27),
(289, 59, 5),
(290, 59, 7),
(291, 17, 5),
(292, 17, 7),
(299, 68, 5),
(300, 68, 6),
(301, 68, 7),
(302, 68, 8),
(303, 68, 9),
(304, 68, 10),
(311, 151, 27),
(312, 152, 29),
(313, 153, 27),
(317, 57, 28),
(318, 154, 27),
(319, 42, 27),
(320, 47, 27),
(321, 48, 27),
(322, 48, 28),
(323, 46, 27),
(324, 35, 29),
(325, 32, 29),
(326, 33, 29),
(329, 52, 27),
(330, 53, 27),
(331, 55, 28),
(332, 54, 28),
(333, 56, 28),
(334, 43, 27),
(335, 160, 27),
(336, 50, 27),
(339, 49, 27),
(340, 162, 45),
(341, 162, 46),
(342, 31, 29),
(343, 165, 27),
(345, 167, 27),
(346, 168, 29),
(347, 37, 25),
(348, 37, 26),
(351, 36, 25),
(352, 36, 26),
(353, 1, 5),
(354, 124, 25),
(355, 124, 26),
(356, 34, 29),
(357, 173, 26),
(358, 174, 25),
(359, 174, 26),
(360, 175, 25),
(361, 175, 26),
(362, 176, 49),
(363, 177, 51),
(365, 178, 52),
(366, 179, 52),
(371, 183, 52),
(372, 183, 53),
(373, 184, 52),
(374, 184, 53),
(376, 186, 53),
(377, 187, 53),
(378, 189, 11),
(379, 185, 53),
(380, 191, 53),
(381, 194, 53),
(382, 195, 11),
(383, 182, 52),
(384, 181, 52),
(385, 180, 52),
(386, 205, 11),
(387, 58, 5),
(388, 58, 7),
(389, 106, 13),
(390, 220, 11),
(394, 63, 5),
(395, 149, 5),
(396, 149, 6),
(397, 149, 7),
(398, 149, 8),
(399, 149, 9),
(400, 149, 10),
(401, 118, 5),
(402, 118, 6),
(403, 118, 7),
(404, 118, 8),
(405, 118, 9),
(406, 118, 10),
(407, 111, 10),
(408, 112, 10),
(409, 64, 5),
(410, 236, 6),
(411, 103, 5),
(412, 103, 7),
(413, 103, 12),
(414, 103, 13),
(427, 92, 6),
(428, 99, 6),
(429, 96, 6),
(430, 247, 6),
(431, 249, 6),
(432, 97, 6),
(433, 95, 6),
(434, 93, 6),
(435, 61, 5),
(436, 238, 5),
(437, 238, 7),
(438, 238, 12),
(439, 238, 13),
(440, 237, 5),
(441, 237, 7),
(442, 237, 12),
(443, 237, 13),
(444, 60, 5),
(445, 60, 7),
(446, 60, 12),
(447, 60, 13),
(448, 250, 5),
(450, 109, 13),
(451, 107, 13),
(452, 110, 13),
(453, 108, 13),
(454, 44, 27),
(455, 94, 6),
(456, 98, 6),
(457, 113, 10),
(459, 258, 29),
(461, 260, 45),
(462, 261, 45),
(463, 261, 46),
(466, 264, 47),
(467, 265, 46),
(468, 267, 45),
(469, 267, 46),
(470, 281, 61),
(471, 282, 69),
(472, 288, 47),
(473, 288, 48),
(474, 289, 47),
(475, 289, 48),
(476, 290, 48),
(477, 291, 47),
(478, 291, 48),
(479, 292, 47),
(480, 292, 48),
(481, 294, 46),
(482, 295, 46),
(483, 296, 46),
(484, 297, 46),
(485, 298, 47),
(486, 299, 48),
(487, 300, 47),
(488, 301, 48),
(489, 302, 47),
(490, 302, 48),
(491, 303, 47),
(492, 303, 48),
(493, 304, 47),
(494, 304, 48),
(495, 305, 48),
(496, 324, 27),
(497, 325, 27),
(499, 327, 27),
(500, 328, 27),
(502, 329, 27),
(503, 326, 27),
(508, 336, 47),
(509, 340, 55),
(510, 346, 35),
(511, 334, 35),
(512, 360, 59),
(513, 360, 36),
(514, 360, 56),
(515, 360, 60),
(516, 360, 37),
(517, 361, 59),
(518, 361, 36),
(519, 361, 56),
(520, 362, 59),
(521, 362, 36),
(522, 362, 56),
(523, 362, 60),
(524, 362, 37),
(527, 363, 60),
(528, 363, 37),
(533, 364, 59),
(534, 364, 36),
(535, 364, 60),
(536, 364, 37),
(537, 365, 33),
(538, 366, 58),
(539, 367, 33),
(540, 368, 58),
(541, 369, 58),
(542, 371, 61),
(543, 372, 61),
(544, 373, 61),
(546, 378, 59),
(547, 379, 56),
(548, 380, 36),
(552, 382, 33),
(553, 381, 48),
(554, 381, 58),
(555, 381, 61),
(556, 383, 48),
(557, 384, 48),
(558, 386, 42),
(559, 387, 42),
(560, 388, 42),
(565, 396, 60),
(569, 393, 59),
(570, 393, 36),
(571, 393, 60),
(572, 397, 60),
(575, 402, 57),
(576, 401, 42),
(577, 401, 57),
(579, 413, 57),
(580, 414, 57),
(581, 415, 57),
(582, 416, 57),
(583, 417, 68),
(584, 418, 68),
(585, 419, 68),
(586, 420, 68),
(588, 428, 68),
(589, 440, 70),
(590, 441, 71),
(591, 441, 72),
(592, 444, 63),
(593, 447, 70),
(594, 449, 63),
(595, 462, 42),
(596, 150, 57),
(597, 150, 39),
(598, 150, 38),
(599, 150, 37),
(600, 150, 60),
(601, 466, 57),
(602, 466, 39),
(603, 466, 38),
(604, 466, 37),
(605, 466, 60),
(608, 374, 57),
(609, 374, 39),
(610, 374, 38),
(611, 374, 37),
(612, 374, 60),
(613, 399, 57),
(614, 399, 39),
(615, 399, 38),
(616, 399, 37),
(617, 399, 60),
(618, 389, 57),
(619, 389, 39),
(620, 389, 38),
(621, 389, 37),
(622, 389, 60),
(623, 403, 57),
(624, 403, 39),
(625, 403, 38),
(626, 403, 37),
(627, 403, 60),
(628, 467, 63),
(630, 468, 55),
(632, 470, 59),
(633, 471, 36),
(634, 472, 60),
(635, 473, 37),
(636, 474, 35),
(637, 475, 37),
(638, 475, 60),
(639, 475, 36),
(640, 475, 59),
(641, 476, 39),
(642, 477, 57),
(643, 478, 35),
(645, 480, 75),
(646, 481, 63),
(647, 482, 63),
(649, 484, 63),
(650, 485, 63),
(651, 486, 63),
(653, 483, 63),
(654, 488, 63),
(656, 490, 63),
(658, 492, 63),
(659, 493, 63),
(662, 495, 63),
(663, 494, 63),
(664, 496, 63),
(666, 497, 63),
(667, 498, 63),
(669, 499, 63),
(670, 500, 63),
(671, 501, 63),
(672, 502, 63),
(673, 503, 63),
(674, 504, 63),
(675, 487, 63),
(676, 513, 63),
(677, 514, 72),
(678, 514, 71),
(679, 515, 72),
(680, 515, 71),
(681, 517, 72),
(684, 519, 72),
(685, 519, 71),
(686, 520, 75),
(687, 521, 75),
(688, 522, 83),
(689, 523, 83),
(690, 524, 72),
(691, 524, 71),
(692, 527, 72),
(693, 528, 63),
(694, 529, 63),
(695, 489, 63),
(696, 491, 63),
(698, 546, 63),
(699, 547, 89),
(700, 548, 63),
(701, 549, 63),
(702, 550, 79),
(703, 552, 63),
(705, 531, 63),
(706, 560, 82),
(707, 562, 88),
(708, 564, 82),
(709, 565, 63),
(710, 566, 87),
(711, 567, 88),
(712, 569, 87),
(713, 570, 82),
(714, 573, 87),
(715, 575, 88),
(716, 585, 86),
(717, 587, 75),
(718, 588, 83),
(719, 591, 92),
(720, 592, 88),
(721, 593, 89),
(722, 595, 57),
(723, 469, 35),
(724, 596, 33),
(725, 608, 90),
(726, 609, 92),
(727, 613, 90),
(729, 614, 90),
(730, 617, 90),
(731, 620, 90),
(732, 621, 90),
(733, 624, 87),
(734, 627, 87),
(735, 631, 87),
(736, 645, 90),
(737, 646, 90),
(738, 649, 87),
(739, 651, 90),
(740, 653, 90);

-- --------------------------------------------------------

--
-- Table structure for table `pay_type`
--

CREATE TABLE IF NOT EXISTS `pay_type` (
`id` int(10) NOT NULL,
  `key` varchar(255) NOT NULL,
  `name` varchar(255) NOT NULL
) ENGINE=InnoDB AUTO_INCREMENT=12 DEFAULT CHARSET=utf8;

--
-- Dumping data for table `pay_type`
--

INSERT INTO `pay_type` (`id`, `key`, `name`) VALUES
(1, 'transportation', '交通'),
(2, 'accommodation', '住宿'),
(3, 'material', '上课材料'),
(4, 'room', '场地'),
(5, 'food', '食品'),
(6, 'translate', '翻译'),
(7, 'marketing', '市场费用'),
(8, 'object', '小物件'),
(9, 'service', '服务费'),
(10, 'salary', '人员支出'),
(11, 'returns', '退费');

-- --------------------------------------------------------

--
-- Table structure for table `project`
--

CREATE TABLE IF NOT EXISTS `project` (
`id` int(10) NOT NULL,
  `style` int(10) NOT NULL,
  `name` varchar(255) DEFAULT NULL,
  `date_start` date DEFAULT NULL,
  `date_end` date DEFAULT NULL,
  `city_id` int(10) DEFAULT NULL,
  `teacher_id` int(10) DEFAULT NULL,
  `type_id` int(10) DEFAULT NULL,
  `client_id` int(10) DEFAULT NULL,
  `parent_id` int(10) DEFAULT NULL,
  `area_start` varchar(255) NOT NULL,
  `area_end` varchar(255) NOT NULL,
  `comment` varchar(255) DEFAULT NULL,
  `weight` varchar(255) DEFAULT NULL,
  `partner_profit` varchar(255) DEFAULT NULL,
  `team_profit` varchar(255) DEFAULT NULL,
  `gllue_project_id` int(10) DEFAULT NULL
) ENGINE=InnoDB AUTO_INCREMENT=102 DEFAULT CHARSET=utf8;

--
-- Dumping data for table `project`
--

INSERT INTO `project` (`id`, `style`, `name`, `date_start`, `date_end`, `city_id`, `teacher_id`, `type_id`, `client_id`, `parent_id`, `area_start`, `area_end`, `comment`, `weight`, `partner_profit`, `team_profit`, `gllue_project_id`) VALUES
(2, 2, 'Tony4月项目', '2015-04-01', '2015-04-15', NULL, NULL, NULL, NULL, NULL, '2015-02', '2015-07', '', '', '50%', '20%', 0),
(5, 3, '', '2015-04-19', '2015-04-19', 2, 1, 1, NULL, 2, '2015-02', '2015-07', '', '', '50%', '20%', 0),
(6, 3, '', '2015-04-25', '2015-04-26', 1, 1, 1, NULL, 2, '2015-04', '2015-07', '', '2', '50%', '20%', 0),
(7, 3, '', '2015-04-17', '2015-04-18', 2, 1, 3, 5392, 2, '2015-03', '2015-06', '', '2', '50%', '20%', 0),
(8, 3, '', '2015-04-21', '2015-04-21', 1, 1, 4, 533, 2, '2015-03', '2015-07', '', '', '50%', '20%', 0),
(9, 3, '', '2015-04-29', '2015-04-29', 1, 1, 4, 4395, 2, '2015-03', '2015-07', '', '', '50%', '20%', 0),
(10, 3, '', '2015-04-24', '2015-04-24', 3, NULL, 2, NULL, 2, '2015-03', '2015-07', '', '', '50%', '30%', 0),
(11, 1, '', '2014-10-01', '2015-08-01', NULL, NULL, 5, NULL, NULL, '2014-10', '2015-08', '需要把快递的费用部分的拆分开', '', '', '20%', 0),
(12, 1, '', '2015-04-16', '2015-04-16', 2, NULL, 2, NULL, NULL, '2015-05', '2015-05', '', '', '', '30%', 0),
(13, 1, '', '2015-04-18', '2015-04-18', 2, NULL, 6, NULL, NULL, '2015-03', '2015-05', '', '', '', '20%', 0),
(24, 1, '', '2015-05-08', '2015-05-08', 1, NULL, 2, NULL, NULL, '2015-04', '2015-06', '', '', '', '30%', 0),
(25, 1, '', '2015-05-14', '2015-05-14', 5, NULL, 2, NULL, NULL, '2015-04', '2015-06', '', '', '', '30%', 0),
(26, 1, '', '2015-05-16', '2015-05-16', 5, NULL, 6, NULL, NULL, '2015-04', '2015-06', '', '', '', '30%', 0),
(27, 1, '', '2015-05-23', '2015-05-23', 1, NULL, 7, NULL, NULL, '2015-04', '2015-06', '', '', '', '20%', 0),
(28, 1, '', '2015-05-23', '2015-05-23', 1, NULL, 8, NULL, NULL, '2015-04', '2015-06', '', '', '', '30%', 0),
(29, 1, '', '2015-05-24', '2015-05-24', 1, 2, 1, NULL, NULL, '2015-04', '2015-06', '', '', '50%', '20%', 0),
(30, 2, 'Tony7月项目', '2015-07-10', '2015-07-25', NULL, NULL, NULL, NULL, NULL, '2015-05', '2015-08', '', '', '', '', 0),
(32, 2, '第一期卓越Leader训练营', '2015-06-27', '2015-12-31', NULL, NULL, NULL, NULL, NULL, '2015-06', '2015-12', '', '', '50%', '20%', 0),
(33, 3, '', '2015-06-27', '2015-06-27', 1, NULL, 11, NULL, 32, '2015-06', '2015-12', '', '', '', '30%', NULL),
(35, 1, '', '2015-07-05', '2015-07-05', 6, NULL, 6, NULL, NULL, '2015-06', '2015-08', '', '', '', '30%', 0),
(36, 1, '', '2015-07-11', '2015-07-11', 2, NULL, 6, NULL, NULL, '2015-06', '2015-08', '', '', '', '30%', 0),
(37, 3, '', '2015-07-13', '2015-07-13', 2, 1, 4, 174, 30, '2015-06', '2015-08', 'TUC咨询', '', '50%', '20%', 0),
(38, 3, '', '2015-07-14', '2015-07-14', 1, 1, 4, 533, 30, '2015-06', '2015-08', '', '', '50%', '20%', NULL),
(39, 3, '', '2015-07-15', '2015-07-15', 1, 1, 4, 67, 30, '2015-06', '2015-08', '', '', '50%', '20%', NULL),
(41, 1, '', '2015-11-10', '2015-11-12', 1, 2, 1, NULL, NULL, '2015-06', '2015-09', '', '', '50%', '20%', NULL),
(42, 1, '', '2015-07-15', '2015-07-15', 1, NULL, 9, NULL, NULL, '2015-05', '2015-08', '', '', '', '30%', NULL),
(44, 1, '', '2014-10-01', '2014-10-01', 6, NULL, 3, NULL, NULL, '2015-01', '2015-07', '临时项目，专门做收入和支出的临时保存使用', '', '', '', 202),
(45, 1, '', '2015-06-10', '2015-06-10', 4, NULL, 2, NULL, NULL, '2015-05', '2015-07', '', '', '', '30%', 0),
(46, 1, '', '2015-06-14', '2015-06-14', 4, NULL, 6, NULL, NULL, '2015-05', '2015-07', '', '', '', '30%', 0),
(47, 1, '', '2015-06-12', '2015-06-12', 2, NULL, 9, NULL, NULL, '2015-05', '2015-07', '', '', '', '30%', 0),
(48, 1, '', '2015-06-13', '2015-06-13', 2, 4, 1, NULL, NULL, '2015-05', '2015-07', '', '', '7000', '20%', 0),
(49, 1, '', '2015-03-21', '2015-03-21', 1, NULL, 2, NULL, NULL, '2015-02', '2015-04', '', '', '', '30%', 0),
(50, 2, '汇睿四次内训', '2015-03-01', '2016-12-31', NULL, NULL, NULL, NULL, NULL, '2015-02', '2016-12', '', '', '', '', 0),
(51, 3, '', '2015-03-22', '2015-03-22', 1, NULL, 3, 1893, 50, '2015-02', '2015-04', '', '', '50%', '20%', 0),
(52, 1, '', '2015-03-27', '2015-03-28', 1, 2, 1, NULL, NULL, '2015-02', '2015-04', '', '2', '50%', '20%', 0),
(53, 1, '', '2015-03-29', '2015-03-29', 1, NULL, 6, NULL, NULL, '2015-02', '2015-04', '', '', '', '30%', 0),
(55, 1, '', '2015-07-02', '2015-07-02', 6, NULL, 2, NULL, NULL, '2015-06', '2015-07', '', '', '', '30%', 0),
(56, 1, '', '2015-07-12', '2015-07-12', 7, NULL, 6, NULL, NULL, '2015-06', '2015-07', '', '', '', '30%', 0),
(57, 3, '', '2015-07-19', '2015-07-19', 1, NULL, 6, NULL, 30, '2015-06', '2015-08', '', '', '50%', '30%', NULL),
(58, 1, '', '2015-06-28', '2015-06-28', 1, 4, 1, NULL, NULL, '2015-05', '2015-07', '', '', '7000', '20%', 0),
(59, 1, '', '2015-07-09', '2015-07-09', 2, NULL, 2, NULL, NULL, '2015-06', '2015-07', '', '', '', '30%', 0),
(60, 3, '', '2015-07-12', '2015-07-12', 2, 1, 1, NULL, 30, '2015-06', '2015-07', '', '', '50%', '20%', 0),
(61, 3, '', '2015-07-04', '2015-07-04', 1, 4, 3, 1893, 50, '2015-06', '2015-08', '', '', '7000', '20%', NULL),
(63, 1, '', '2015-08-23', '2015-08-23', 1, NULL, 12, NULL, NULL, '2015-07', '2015-09', '', '', '', '20%', NULL),
(66, 2, '待处理', '2014-07-01', '2014-07-02', NULL, 1, NULL, 5740, NULL, '2015-02', '2015-02', '', '', '', '', NULL),
(68, 1, '', '2015-07-18', '2015-07-18', 1, 5, 3, 1038, NULL, '2015-06', '2015-08', '', '', '', '20%', NULL),
(69, 1, '', '2015-01-24', '2015-01-24', 1, NULL, 12, NULL, NULL, '2014-12', '2015-02', '', '', '', '20%', NULL),
(70, 1, '', '2015-07-28', '2015-07-28', 2, 4, 3, 1943, NULL, '2015-06', '2015-08', '', '', '7000', '20%', NULL),
(71, 1, '', '2015-08-12', '2015-08-12', 8, NULL, 2, NULL, NULL, '2015-07', '2015-09', '', '', '', '30%', NULL),
(72, 1, '', '2015-08-16', '2015-08-16', 8, NULL, 6, NULL, NULL, '2015-07', '2015-09', '', '', '', '30%', NULL),
(75, 1, '', '2015-08-22', '2015-08-22', 1, NULL, 2, NULL, NULL, '2015-07', '2015-09', '', '', '', '30%', NULL),
(76, 1, '', '2015-08-09', '2015-08-09', 1, NULL, 13, NULL, NULL, '2015-07', '2015-09', '', '', '', '20%', NULL),
(77, 2, '某待定项目（必然属于某项目）', '2014-07-09', '2014-07-09', NULL, NULL, 3, NULL, NULL, '2014-03', '2014-04', '', '', '', '', NULL),
(78, 2, '非项目（个别日常收入）', '2014-07-09', '2014-07-09', NULL, NULL, NULL, NULL, NULL, '2014-07', '2014-07', '', '', '', '', NULL),
(79, 1, '', '2015-08-30', '2015-08-30', 1, NULL, 13, NULL, NULL, '2015-07', '2015-08', '', '', '50%', '20%', NULL),
(81, 1, '', '2015-08-05', '2015-08-05', 1, 6, 3, 43, NULL, '2015-08', '2015-08', '', '', '50%', '20%', NULL),
(82, 3, '', '2015-09-13', '2015-09-13', 1, NULL, 13, NULL, 85, '2015-08', '2015-10', '', '', '50%', '20%', NULL),
(83, 1, '', '2015-08-27', '2015-08-27', 2, 3, 3, 6174, NULL, '2015-07', '2015-09', '', '', '7000', '20%', NULL),
(84, 1, '', '2015-09-10', '2015-09-10', 1, NULL, 13, NULL, NULL, '2015-07', '2015-09', 'Eliza的访谈', '', '', '', NULL),
(85, 2, 'Tony MPC online', '2015-09-12', '2015-10-19', NULL, NULL, NULL, NULL, NULL, '2015-08', '2015-11', '', '', '50%', '20%', NULL),
(86, 3, '', '2015-09-24', '2015-09-24', 1, NULL, 13, NULL, 85, '2015-08', '2015-10', '', '', '50%', '20%', NULL),
(87, 1, '', '2015-11-01', '2015-11-01', 2, NULL, 12, NULL, NULL, '2015-09', '2015-12', '', '7', '', '20%', NULL),
(88, 1, '', '2015-09-19', '2015-09-19', 2, NULL, 6, NULL, NULL, '2015-08', '2015-10', '', '', '', '30%', NULL),
(89, 2, '普瑞斯年度咨询', '2015-09-01', '2016-08-31', NULL, NULL, NULL, NULL, NULL, '2015-09', '2016-09', '', '', '50%', '20%', NULL),
(90, 3, '', '2015-10-11', '2015-10-18', NULL, NULL, 13, NULL, 85, '2015-09', '2015-10', '', '', '50%', '20%', NULL),
(91, 1, '', '2015-10-31', '2015-10-31', 2, 5, 1, NULL, NULL, '2015-10', '2015-11', '', '3', '5000', '20%', NULL),
(92, 2, 'Tony10-11月项目', '2015-10-20', '2015-11-04', NULL, NULL, NULL, NULL, NULL, '2015-09', '2015-11', '', '', '50%', '20%', NULL),
(93, 2, 'Elysee online 系列课程', '2015-11-07', '2015-12-31', NULL, NULL, NULL, NULL, NULL, '2015-10', '2015-12', '', '', '50%', '20%', NULL),
(94, 3, '', '2015-11-07', '2015-11-07', 9, NULL, 13, NULL, 93, '2015-10', '2015-11', '', '', '50%', '20%', NULL),
(95, 3, '', '2015-10-30', '2015-10-31', 2, 1, 3, 5392, 92, '2015-09', '2015-11', '', '', '50%', '20%', NULL),
(96, 3, '', '2015-10-21', '2015-10-21', 1, 1, 4, 6841, 92, '2015-09', '2015-11', '', '', '50%', '20%', NULL),
(97, 3, '', '2015-10-22', '2015-10-22', 1, 1, 4, 533, 92, '2015-09', '2015-11', '', '', '50%', '20%', NULL),
(98, 3, '', '2015-10-27', '2015-10-27', 1, 1, 4, 6012, 92, '2015-10', '2015-11', '', '', '50%', '20%', NULL),
(99, 3, '', '2015-10-28', '2015-10-28', 1, NULL, 2, NULL, 92, '2015-10', '2015-11', '', '', '50%', '20%', NULL),
(100, 3, '', '2015-10-23', '2015-10-23', 1, 1, 4, 6451, 92, '2015-09', '2015-11', '', '', '50%', '20%', NULL),
(101, 1, '', '2015-01-06', '2015-01-06', 2, 1, 4, 6, NULL, '2015-01', '2015-01', '', '', '50%', '20%', NULL);

-- --------------------------------------------------------

--
-- Table structure for table `project_bonus`
--

CREATE TABLE IF NOT EXISTS `project_bonus` (
`id` int(10) NOT NULL,
  `project_id` int(10) NOT NULL,
  `user_id` int(10) NOT NULL,
  `part` varchar(255) NOT NULL
) ENGINE=InnoDB AUTO_INCREMENT=37 DEFAULT CHARSET=utf8;

--
-- Dumping data for table `project_bonus`
--

INSERT INTO `project_bonus` (`id`, `project_id`, `user_id`, `part`) VALUES
(1, 63, 1, '8%'),
(2, 63, 2, '30.5%'),
(3, 63, 6, '11%'),
(4, 63, 4, '42.5%'),
(5, 63, 9, '8%'),
(6, 72, 1, '32%'),
(7, 72, 6, '26.5%'),
(8, 72, 2, '5.5%'),
(9, 72, 4, '36%'),
(10, 79, 1, '20.2%'),
(11, 79, 4, '18.6%'),
(12, 79, 6, '7.4%'),
(13, 79, 2, '37%'),
(14, 79, 9, '16.8%'),
(15, 71, 1, '29.6%'),
(16, 71, 4, '18.5%'),
(17, 71, 6, '32.7%'),
(18, 71, 2, '12.3%'),
(19, 71, 9, '6.9%'),
(20, 75, 1, '53.6%'),
(21, 75, 4, '11.6%'),
(22, 75, 6, '18.8%'),
(23, 75, 2, '11.6%'),
(24, 75, 9, '4.4%'),
(25, 83, 1, '40%'),
(26, 81, 1, '50%'),
(28, 82, 9, '21%'),
(29, 82, 2, '39.5%'),
(30, 82, 4, '39.5%'),
(31, 86, 9, '27%'),
(32, 86, 2, '36.5%'),
(33, 86, 4, '36.5%'),
(34, 88, 9, '8%'),
(35, 88, 2, '22%'),
(36, 88, 4, '70%');

-- --------------------------------------------------------

--
-- Table structure for table `project_city`
--

CREATE TABLE IF NOT EXISTS `project_city` (
`id` int(10) NOT NULL,
  `key` varchar(255) NOT NULL,
  `name` varchar(255) NOT NULL
) ENGINE=InnoDB AUTO_INCREMENT=10 DEFAULT CHARSET=utf8;

--
-- Dumping data for table `project_city`
--

INSERT INTO `project_city` (`id`, `key`, `name`) VALUES
(1, 'shanghai', '上海'),
(2, 'beijing', '北京'),
(3, 'hangzhou', '杭州'),
(4, 'guangzhou', '广州'),
(5, 'ningbo', '宁波'),
(6, 'suzhou', '苏州'),
(7, 'tianjin', '天津'),
(8, 'shenzhen', '深圳'),
(9, 'qingdao', '青岛');

-- --------------------------------------------------------

--
-- Table structure for table `project_owner`
--

CREATE TABLE IF NOT EXISTS `project_owner` (
`id` int(11) NOT NULL,
  `project_id` int(10) NOT NULL,
  `user_id` int(10) NOT NULL
) ENGINE=InnoDB AUTO_INCREMENT=208 DEFAULT CHARSET=utf8;

--
-- Dumping data for table `project_owner`
--

INSERT INTO `project_owner` (`id`, `project_id`, `user_id`) VALUES
(17, 25, 3),
(21, 27, 3),
(22, 28, 3),
(26, 30, 5),
(28, 24, 3),
(29, 29, 1),
(30, 26, 4),
(36, 32, 1),
(40, 35, 4),
(48, 37, 5),
(59, 9, 5),
(60, 6, 1),
(62, 8, 5),
(63, 5, 1),
(64, 13, 4),
(65, 7, 5),
(66, 12, 3),
(68, 45, 3),
(69, 46, 4),
(70, 47, 2),
(71, 48, 1),
(74, 49, 3),
(76, 50, 5),
(77, 51, 5),
(79, 53, 4),
(80, 52, 1),
(82, 11, 1),
(83, 11, 3),
(88, 55, 6),
(92, 36, 4),
(93, 56, 4),
(96, 10, 3),
(99, 58, 1),
(100, 59, 6),
(102, 60, 1),
(109, 44, 5),
(119, 42, 2),
(120, 69, 3),
(122, 38, 5),
(123, 39, 5),
(127, 57, 4),
(128, 63, 6),
(136, 72, 4),
(142, 71, 6),
(146, 77, 1),
(147, 78, 1),
(153, 70, 5),
(154, 68, 5),
(155, 61, 5),
(156, 75, 6),
(160, 83, 1),
(161, 83, 5),
(162, 41, 1),
(164, 84, 4),
(169, 82, 2),
(170, 82, 4),
(177, 86, 2),
(178, 86, 4),
(179, 88, 4),
(180, 89, 5),
(183, 90, 2),
(184, 90, 4),
(185, 76, 1),
(187, 79, 1),
(188, 81, 1),
(191, 33, 1),
(192, 93, 2),
(193, 94, 2),
(194, 85, 2),
(195, 85, 4),
(196, 95, 5),
(197, 96, 5),
(198, 97, 5),
(199, 92, 5),
(200, 87, 2),
(201, 87, 4),
(202, 91, 2),
(204, 99, 2),
(205, 98, 5),
(206, 100, 5),
(207, 101, 5);

-- --------------------------------------------------------

--
-- Table structure for table `project_target`
--

CREATE TABLE IF NOT EXISTS `project_target` (
`id` int(10) NOT NULL,
  `project_id` int(10) NOT NULL,
  `user_id` int(10) NOT NULL,
  `people_target` int(10) NOT NULL,
  `revenue_target` float NOT NULL
) ENGINE=InnoDB AUTO_INCREMENT=3 DEFAULT CHARSET=utf8;

--
-- Dumping data for table `project_target`
--

INSERT INTO `project_target` (`id`, `project_id`, `user_id`, `people_target`, `revenue_target`) VALUES
(1, 66, 1, 1, 100),
(2, 66, 3, 1, 300);

-- --------------------------------------------------------

--
-- Table structure for table `project_type`
--

CREATE TABLE IF NOT EXISTS `project_type` (
`id` int(11) NOT NULL,
  `key` varchar(255) NOT NULL,
  `name` varchar(255) NOT NULL
) ENGINE=InnoDB AUTO_INCREMENT=14 DEFAULT CHARSET=utf8;

--
-- Dumping data for table `project_type`
--

INSERT INTO `project_type` (`id`, `key`, `name`) VALUES
(1, 'headhunter-openclass', '猎头公开课'),
(2, 'ceoclub', 'CEO沙龙'),
(3, 'internalclass', '内训'),
(4, 'consulting', '咨询'),
(5, 'directory', '名录'),
(6, 'win', '猎头赢'),
(7, 'awards', '颁奖'),
(8, 'party', '酒会'),
(9, 'irecruit', '爱招聘'),
(10, 'hr-openclass', '企业公开课'),
(11, 'leaderclub', 'Leader沙龙'),
(12, 'conference', '大型论坛'),
(13, 'online', '在线项目');

-- --------------------------------------------------------

--
-- Table structure for table `teacher`
--

CREATE TABLE IF NOT EXISTS `teacher` (
`id` int(11) NOT NULL,
  `key` varchar(255) NOT NULL,
  `name` varchar(255) NOT NULL
) ENGINE=InnoDB AUTO_INCREMENT=8 DEFAULT CHARSET=utf8;

--
-- Dumping data for table `teacher`
--

INSERT INTO `teacher` (`id`, `key`, `name`) VALUES
(1, 'tony', 'Tony'),
(2, 'michelle', 'Michelle'),
(3, 'amandawang', 'Amanda'),
(4, 'lindazhang', 'Linda'),
(5, 'acekoo', 'Acekoo'),
(6, 'shawn', 'Shawn'),
(7, 'elysee', 'Elysee');

-- --------------------------------------------------------

--
-- Table structure for table `time`
--

CREATE TABLE IF NOT EXISTS `time` (
`id` int(10) NOT NULL,
  `project_id` int(10) NOT NULL,
  `month` varchar(255) NOT NULL,
  `user_id` int(10) NOT NULL,
  `percent` float NOT NULL
) ENGINE=InnoDB AUTO_INCREMENT=781 DEFAULT CHARSET=utf8;

--
-- Dumping data for table `time`
--

INSERT INTO `time` (`id`, `project_id`, `month`, `user_id`, `percent`) VALUES
(427, 11, '2015-01', 3, 10),
(428, 11, '2015-02', 3, 37),
(429, 52, '2015-02', 3, 25),
(430, 11, '2015-03', 3, 20),
(431, 49, '2015-03', 3, 15),
(432, 51, '2015-03', 3, 5),
(433, 52, '2015-03', 3, 15),
(434, 53, '2015-03', 3, 5),
(435, 2, '2015-03', 3, 5),
(436, 12, '2015-03', 3, 15),
(437, 27, '2015-03', 3, 20),
(438, 11, '2015-04', 3, 10),
(439, 12, '2015-04', 3, 15),
(440, 5, '2015-04', 3, 10),
(441, 10, '2015-04', 3, 15),
(442, 6, '2015-04', 3, 10),
(443, 27, '2015-04', 3, 40),
(444, 24, '2015-05', 3, 15),
(445, 25, '2015-05', 3, 15),
(446, 26, '2015-05', 3, 5),
(447, 27, '2015-05', 3, 40),
(448, 28, '2015-05', 3, 25),
(449, 11, '2015-06', 3, 5),
(450, 45, '2015-06', 3, 50),
(451, 48, '2015-06', 3, 10),
(452, 33, '2015-06', 3, 10),
(453, 58, '2015-06', 3, 10),
(454, 55, '2015-06', 3, 10),
(455, 30, '2015-06', 3, 5),
(574, 55, '2015-07', 6, 25),
(575, 35, '2015-07', 6, 5),
(576, 59, '2015-07', 6, 20),
(577, 36, '2015-07', 6, 5),
(578, 56, '2015-07', 6, 5),
(579, 60, '2015-07', 6, 5),
(580, 57, '2015-07', 6, 5),
(581, 76, '2015-08', 6, 10),
(582, 71, '2015-08', 6, 20),
(583, 72, '2015-08', 6, 5),
(584, 75, '2015-08', 6, 15),
(585, 63, '2015-08', 6, 50),
(640, 11, '2015-02', 1, 40),
(641, 52, '2015-02', 1, 5),
(642, 2, '2015-02', 1, 30),
(643, 11, '2015-03', 1, 29),
(644, 49, '2015-03', 1, 3),
(645, 51, '2015-03', 1, 15),
(646, 52, '2015-03', 1, 30),
(647, 53, '2015-03', 1, 3),
(648, 2, '2015-03', 1, 10),
(649, 7, '2015-03', 1, 10),
(650, 11, '2015-04', 1, 20),
(651, 2, '2015-04', 1, 10),
(652, 12, '2015-04', 1, 10),
(653, 7, '2015-04', 1, 15),
(654, 13, '2015-04', 1, 5),
(655, 5, '2015-04', 1, 15),
(656, 10, '2015-04', 1, 5),
(657, 6, '2015-04', 1, 20),
(658, 24, '2015-05', 1, 5),
(659, 25, '2015-05', 1, 3),
(660, 26, '2015-05', 1, 3),
(661, 27, '2015-05', 1, 40),
(662, 28, '2015-05', 1, 3),
(663, 29, '2015-05', 1, 31),
(664, 30, '2015-05', 1, 15),
(665, 47, '2015-06', 1, 2),
(666, 48, '2015-06', 1, 25),
(667, 33, '2015-06', 1, 15),
(668, 58, '2015-06', 1, 25),
(669, 61, '2015-06', 1, 5),
(670, 35, '2015-06', 1, 3),
(671, 59, '2015-06', 1, 5),
(672, 30, '2015-06', 1, 10),
(673, 68, '2015-06', 1, 10),
(674, 55, '2015-07', 1, 3),
(675, 61, '2015-07', 1, 5),
(676, 35, '2015-07', 1, 2),
(677, 59, '2015-07', 1, 5),
(678, 36, '2015-07', 1, 5),
(679, 56, '2015-07', 1, 5),
(680, 60, '2015-07', 1, 20),
(681, 37, '2015-07', 1, 5),
(682, 38, '2015-07', 1, 5),
(683, 39, '2015-07', 1, 15),
(684, 68, '2015-07', 1, 10),
(685, 57, '2015-07', 1, 2),
(686, 70, '2015-07', 1, 5),
(687, 81, '2015-08', 1, 5),
(688, 76, '2015-08', 1, 15),
(689, 71, '2015-08', 1, 15),
(690, 72, '2015-08', 1, 15),
(691, 75, '2015-08', 1, 15),
(692, 63, '2015-08', 1, 15),
(693, 83, '2015-08', 1, 10),
(694, 79, '2015-08', 1, 10),
(716, 45, '2015-06', 4, 10),
(717, 46, '2015-06', 4, 25),
(718, 32, '2015-06', 4, 10),
(719, 33, '2015-06', 4, 10),
(720, 55, '2015-06', 4, 20),
(721, 35, '2015-06', 4, 25),
(722, 55, '2015-07', 4, 15),
(723, 35, '2015-07', 4, 20),
(724, 59, '2015-07', 4, 10),
(725, 36, '2015-07', 4, 10),
(726, 56, '2015-07', 4, 10),
(727, 60, '2015-07', 4, 10),
(728, 42, '2015-07', 4, 5),
(729, 57, '2015-07', 4, 20),
(730, 76, '2015-08', 4, 5),
(731, 71, '2015-08', 4, 5),
(732, 72, '2015-08', 4, 10),
(733, 75, '2015-08', 4, 5),
(734, 63, '2015-08', 4, 70),
(735, 79, '2015-08', 4, 5),
(736, 63, '2015-09', 4, 10),
(737, 84, '2015-09', 4, 10),
(738, 82, '2015-09', 4, 10),
(739, 88, '2015-09', 4, 30),
(740, 86, '2015-09', 4, 10),
(741, 87, '2015-09', 4, 30),
(742, 11, '2015-02', 2, 80),
(743, 52, '2015-02', 2, 10),
(744, 11, '2015-03', 2, 50),
(745, 49, '2015-03', 2, 2),
(746, 52, '2015-03', 2, 45),
(747, 53, '2015-03', 2, 3),
(748, 24, '2015-05', 2, 2.5),
(749, 25, '2015-05', 2, 5),
(750, 26, '2015-05', 2, 5),
(751, 27, '2015-05', 2, 20),
(752, 28, '2015-05', 2, 2.5),
(753, 29, '2015-05', 2, 15),
(754, 47, '2015-05', 2, 50),
(755, 45, '2015-06', 2, 5),
(756, 47, '2015-06', 2, 28),
(757, 48, '2015-06', 2, 10),
(758, 46, '2015-06', 2, 2),
(759, 33, '2015-06', 2, 2),
(760, 58, '2015-06', 2, 10),
(761, 55, '2015-06', 2, 3),
(762, 42, '2015-06', 2, 40),
(763, 55, '2015-07', 2, 5),
(764, 35, '2015-07', 2, 1),
(765, 59, '2015-07', 2, 5),
(766, 36, '2015-07', 2, 2),
(767, 56, '2015-07', 2, 1),
(768, 60, '2015-07', 2, 5),
(769, 42, '2015-07', 2, 80),
(770, 57, '2015-07', 2, 1),
(771, 76, '2015-08', 2, 5),
(772, 71, '2015-08', 2, 2.5),
(773, 75, '2015-08', 2, 2.5),
(774, 63, '2015-08', 2, 80),
(775, 79, '2015-08', 2, 10),
(776, 84, '2015-09', 2, 10),
(777, 82, '2015-09', 2, 15),
(778, 88, '2015-09', 2, 5),
(779, 86, '2015-09', 2, 20),
(780, 87, '2015-09', 2, 40);

-- --------------------------------------------------------

--
-- Table structure for table `user`
--

CREATE TABLE IF NOT EXISTS `user` (
  `id` int(10) NOT NULL,
  `key` varchar(255) NOT NULL,
  `name` varchar(255) NOT NULL,
  `english` varchar(255) NOT NULL,
  `balance_base` float NOT NULL,
  `username` varchar(255) NOT NULL,
  `auth_key` varchar(32) NOT NULL,
  `password_hash` varchar(255) NOT NULL,
  `password_reset_token` varchar(255) NOT NULL,
  `email` varchar(100) NOT NULL,
  `status` smallint(10) NOT NULL,
  `role` int(11) NOT NULL DEFAULT '10',
  `created_at` int(11) NOT NULL,
  `updated_at` int(11) NOT NULL
) ENGINE=InnoDB DEFAULT CHARSET=utf8;

--
-- Dumping data for table `user`
--

INSERT INTO `user` (`id`, `key`, `name`, `english`, `balance_base`, `username`, `auth_key`, `password_hash`, `password_reset_token`, `email`, `status`, `role`, `created_at`, `updated_at`) VALUES
(1, 'ivyshi', '史洁琼', 'Ivy', 7995.75, '', '', '', '', '', 0, 10, 0, 0),
(2, 'michaelren', '任明灿', 'Michael', 5291.7, '', '', '', '', '', 0, 10, 0, 0),
(3, 'carolinecao', '曹吟沁', 'Caroline', 7291.7, '', '', '', '', '', 0, 10, 0, 0),
(4, 'halenhe', '贺慧', 'Helen', 0, '', '', '', '', '', 0, 10, 0, 0),
(5, 'scarletzhang', '张斯佳', 'Scarlet', 0, '', '', '', '', '', 0, 10, 0, 0),
(6, 'lynnsun', '孙慧', 'Lynn', 0, '', '', '', '', '', 0, 10, 0, 0),
(7, '', '', '', 0, 'admin', 'TKot28TVSGsWAFR0bA17m5odp_r0dcl-', '$2y$13$wrJEh2s02q3ir0rYCAK7uuF.r.1ejylm/NzwL8M2aKdLWEL8w70Ye', '', 'admin@admin.com', 10, 20, 1440474275, 1440474275),
(8, '', '', '', 0, 'admon', '7OBBkf3KMu6gLT5btEfzsas5CL5JNe-B', '$2y$13$C/TvtZXlLpo9pfwu05i5he27l1UtzFB1fFupFN/9pVph56tBZr5I2', '', 'admon@admon.com', 10, 10, 1440475081, 1440475081),
(9, 'dysonshu', '束庆森', 'Dyson', 0, 'dyson', 'RslFTLFq-h93b9z6MBuLceKNLyWNwM4T', '$2y$13$sw5mMEMsviPWDaeBKDNB8.9chgcUwx0MocD9kQKEk6YyqvXEeuG1u', '', 'dyson@dyson.com', 10, 10, 1440475348, 1440475348);

-- --------------------------------------------------------

--
-- Table structure for table `user_balance`
--

CREATE TABLE IF NOT EXISTS `user_balance` (
`id` int(10) NOT NULL,
  `user_id` int(10) NOT NULL,
  `month` varchar(255) NOT NULL,
  `balance` float NOT NULL
) ENGINE=InnoDB AUTO_INCREMENT=9 DEFAULT CHARSET=utf8;

--
-- Dumping data for table `user_balance`
--

INSERT INTO `user_balance` (`id`, `user_id`, `month`, `balance`) VALUES
(1, 1, '', 7995.75),
(2, 2, '', 5291.7),
(3, 3, '', 7291.7),
(4, 4, '2015-07', 5408.86),
(5, 6, '2015-07', 5408.86),
(6, 3, '2015-07', 7408.86),
(7, 1, '2015-07', 8163.53),
(8, 2, '2015-07', 5908.86);

-- --------------------------------------------------------

--
-- Table structure for table `user_old`
--

CREATE TABLE IF NOT EXISTS `user_old` (
`id` int(10) NOT NULL,
  `key` varchar(255) NOT NULL,
  `name` varchar(255) NOT NULL,
  `english` varchar(255) NOT NULL,
  `balance_base` float NOT NULL
) ENGINE=InnoDB AUTO_INCREMENT=7 DEFAULT CHARSET=utf8;

--
-- Dumping data for table `user_old`
--

INSERT INTO `user_old` (`id`, `key`, `name`, `english`, `balance_base`) VALUES
(1, 'ivyshi', '史洁琼', 'Ivy', 7995.75),
(2, 'michaelren', '任明灿', 'Michael', 5291.7),
(3, 'carolinecao', '曹吟沁', 'Caroline', 7291.7),
(4, 'halenhe', '贺慧', 'Helen', 0),
(5, 'scarletzhang', '张斯佳', 'Scarlet', 0),
(6, 'lynnsun', '孙慧', 'Lynn', 0);

--
-- Indexes for dumped tables
--

--
-- Indexes for table `income`
--
ALTER TABLE `income`
 ADD PRIMARY KEY (`id`), ADD KEY `client_id` (`client_id`), ADD KEY `project_id` (`project_id`);

--
-- Indexes for table `pay`
--
ALTER TABLE `pay`
 ADD PRIMARY KEY (`id`), ADD KEY `type_id` (`type_id`);

--
-- Indexes for table `pay_project`
--
ALTER TABLE `pay_project`
 ADD PRIMARY KEY (`id`), ADD KEY `pay_id` (`pay_id`), ADD KEY `project_id` (`project_id`);

--
-- Indexes for table `pay_type`
--
ALTER TABLE `pay_type`
 ADD PRIMARY KEY (`id`);

--
-- Indexes for table `project`
--
ALTER TABLE `project`
 ADD PRIMARY KEY (`id`), ADD KEY `city_id` (`city_id`), ADD KEY `teacher_id` (`teacher_id`), ADD KEY `type_id` (`type_id`), ADD KEY `client_id` (`client_id`), ADD KEY `parent_id` (`parent_id`);

--
-- Indexes for table `project_bonus`
--
ALTER TABLE `project_bonus`
 ADD PRIMARY KEY (`id`), ADD KEY `project_id` (`project_id`), ADD KEY `user_id` (`user_id`);

--
-- Indexes for table `project_city`
--
ALTER TABLE `project_city`
 ADD PRIMARY KEY (`id`);

--
-- Indexes for table `project_owner`
--
ALTER TABLE `project_owner`
 ADD PRIMARY KEY (`id`), ADD KEY `project_id` (`project_id`), ADD KEY `user_id` (`user_id`);

--
-- Indexes for table `project_target`
--
ALTER TABLE `project_target`
 ADD PRIMARY KEY (`id`), ADD KEY `project_id` (`project_id`), ADD KEY `user_id` (`user_id`);

--
-- Indexes for table `project_type`
--
ALTER TABLE `project_type`
 ADD PRIMARY KEY (`id`);

--
-- Indexes for table `teacher`
--
ALTER TABLE `teacher`
 ADD PRIMARY KEY (`id`);

--
-- Indexes for table `time`
--
ALTER TABLE `time`
 ADD PRIMARY KEY (`id`), ADD KEY `project_id` (`project_id`), ADD KEY `user_id` (`user_id`);

--
-- Indexes for table `user`
--
ALTER TABLE `user`
 ADD PRIMARY KEY (`id`);

--
-- Indexes for table `user_balance`
--
ALTER TABLE `user_balance`
 ADD PRIMARY KEY (`id`), ADD KEY `user_id` (`user_id`);

--
-- Indexes for table `user_old`
--
ALTER TABLE `user_old`
 ADD PRIMARY KEY (`id`);

--
-- AUTO_INCREMENT for dumped tables
--

--
-- AUTO_INCREMENT for table `income`
--
ALTER TABLE `income`
MODIFY `id` int(10) NOT NULL AUTO_INCREMENT,AUTO_INCREMENT=976;
--
-- AUTO_INCREMENT for table `pay`
--
ALTER TABLE `pay`
MODIFY `id` int(10) NOT NULL AUTO_INCREMENT,AUTO_INCREMENT=659;
--
-- AUTO_INCREMENT for table `pay_project`
--
ALTER TABLE `pay_project`
MODIFY `id` int(10) NOT NULL AUTO_INCREMENT,AUTO_INCREMENT=741;
--
-- AUTO_INCREMENT for table `pay_type`
--
ALTER TABLE `pay_type`
MODIFY `id` int(10) NOT NULL AUTO_INCREMENT,AUTO_INCREMENT=12;
--
-- AUTO_INCREMENT for table `project`
--
ALTER TABLE `project`
MODIFY `id` int(10) NOT NULL AUTO_INCREMENT,AUTO_INCREMENT=102;
--
-- AUTO_INCREMENT for table `project_bonus`
--
ALTER TABLE `project_bonus`
MODIFY `id` int(10) NOT NULL AUTO_INCREMENT,AUTO_INCREMENT=37;
--
-- AUTO_INCREMENT for table `project_city`
--
ALTER TABLE `project_city`
MODIFY `id` int(10) NOT NULL AUTO_INCREMENT,AUTO_INCREMENT=10;
--
-- AUTO_INCREMENT for table `project_owner`
--
ALTER TABLE `project_owner`
MODIFY `id` int(11) NOT NULL AUTO_INCREMENT,AUTO_INCREMENT=208;
--
-- AUTO_INCREMENT for table `project_target`
--
ALTER TABLE `project_target`
MODIFY `id` int(10) NOT NULL AUTO_INCREMENT,AUTO_INCREMENT=3;
--
-- AUTO_INCREMENT for table `project_type`
--
ALTER TABLE `project_type`
MODIFY `id` int(11) NOT NULL AUTO_INCREMENT,AUTO_INCREMENT=14;
--
-- AUTO_INCREMENT for table `teacher`
--
ALTER TABLE `teacher`
MODIFY `id` int(11) NOT NULL AUTO_INCREMENT,AUTO_INCREMENT=8;
--
-- AUTO_INCREMENT for table `time`
--
ALTER TABLE `time`
MODIFY `id` int(10) NOT NULL AUTO_INCREMENT,AUTO_INCREMENT=781;
--
-- AUTO_INCREMENT for table `user_balance`
--
ALTER TABLE `user_balance`
MODIFY `id` int(10) NOT NULL AUTO_INCREMENT,AUTO_INCREMENT=9;
--
-- AUTO_INCREMENT for table `user_old`
--
ALTER TABLE `user_old`
MODIFY `id` int(10) NOT NULL AUTO_INCREMENT,AUTO_INCREMENT=7;
--
-- Constraints for dumped tables
--

--
-- Constraints for table `income`
--
ALTER TABLE `income`
ADD CONSTRAINT `income_ibfk_2` FOREIGN KEY (`project_id`) REFERENCES `project` (`id`) ON DELETE CASCADE ON UPDATE NO ACTION;

--
-- Constraints for table `pay`
--
ALTER TABLE `pay`
ADD CONSTRAINT `pay_ibfk_2` FOREIGN KEY (`type_id`) REFERENCES `pay_type` (`id`) ON DELETE NO ACTION ON UPDATE NO ACTION;

--
-- Constraints for table `pay_project`
--
ALTER TABLE `pay_project`
ADD CONSTRAINT `pay_project_ibfk_1` FOREIGN KEY (`pay_id`) REFERENCES `pay` (`id`) ON DELETE CASCADE ON UPDATE NO ACTION,
ADD CONSTRAINT `pay_project_ibfk_2` FOREIGN KEY (`project_id`) REFERENCES `project` (`id`) ON DELETE CASCADE ON UPDATE NO ACTION;

--
-- Constraints for table `project`
--
ALTER TABLE `project`
ADD CONSTRAINT `project_ibfk_1` FOREIGN KEY (`city_id`) REFERENCES `project_city` (`id`) ON DELETE NO ACTION ON UPDATE NO ACTION,
ADD CONSTRAINT `project_ibfk_2` FOREIGN KEY (`teacher_id`) REFERENCES `teacher` (`id`) ON DELETE NO ACTION ON UPDATE NO ACTION,
ADD CONSTRAINT `project_ibfk_3` FOREIGN KEY (`type_id`) REFERENCES `project_type` (`id`) ON DELETE NO ACTION ON UPDATE NO ACTION,
ADD CONSTRAINT `project_ibfk_5` FOREIGN KEY (`parent_id`) REFERENCES `project` (`id`) ON DELETE NO ACTION ON UPDATE NO ACTION;

--
-- Constraints for table `project_bonus`
--
ALTER TABLE `project_bonus`
ADD CONSTRAINT `project_bonus_ibfk_1` FOREIGN KEY (`project_id`) REFERENCES `project` (`id`) ON DELETE NO ACTION ON UPDATE NO ACTION,
ADD CONSTRAINT `project_bonus_ibfk_2` FOREIGN KEY (`user_id`) REFERENCES `user` (`id`) ON DELETE NO ACTION ON UPDATE NO ACTION;

--
-- Constraints for table `project_owner`
--
ALTER TABLE `project_owner`
ADD CONSTRAINT `project_owner_ibfk_1` FOREIGN KEY (`project_id`) REFERENCES `project` (`id`) ON DELETE CASCADE ON UPDATE NO ACTION,
ADD CONSTRAINT `project_owner_ibfk_2` FOREIGN KEY (`user_id`) REFERENCES `user_old` (`id`) ON DELETE NO ACTION ON UPDATE NO ACTION;

--
-- Constraints for table `project_target`
--
ALTER TABLE `project_target`
ADD CONSTRAINT `project_target_ibfk_1` FOREIGN KEY (`project_id`) REFERENCES `project` (`id`) ON DELETE NO ACTION ON UPDATE NO ACTION,
ADD CONSTRAINT `project_target_ibfk_2` FOREIGN KEY (`user_id`) REFERENCES `user_old` (`id`) ON DELETE NO ACTION ON UPDATE NO ACTION;

--
-- Constraints for table `time`
--
ALTER TABLE `time`
ADD CONSTRAINT `time_ibfk_1` FOREIGN KEY (`project_id`) REFERENCES `project` (`id`) ON DELETE CASCADE ON UPDATE NO ACTION,
ADD CONSTRAINT `time_ibfk_2` FOREIGN KEY (`user_id`) REFERENCES `user_old` (`id`) ON DELETE NO ACTION ON UPDATE NO ACTION;

--
-- Constraints for table `user_balance`
--
ALTER TABLE `user_balance`
ADD CONSTRAINT `user_balance_ibfk_1` FOREIGN KEY (`user_id`) REFERENCES `user_old` (`id`);

/*!40101 SET CHARACTER_SET_CLIENT=@OLD_CHARACTER_SET_CLIENT */;
/*!40101 SET CHARACTER_SET_RESULTS=@OLD_CHARACTER_SET_RESULTS */;
/*!40101 SET COLLATION_CONNECTION=@OLD_COLLATION_CONNECTION */;
